stage_name,stage_date,stage_length,stage_KOM_rank,stage_KOM_name,stage_KOM_team,stage_KOM_points
Stage 1 (ITT) | Fossacesia Marina - Ortona,06/05,(19.6k),1,GEOGHEGAN HART Tao,INEOS Grenadiers,3
Stage 1 (ITT) | Fossacesia Marina - Ortona,06/05,(19.6k),2,ALMEIDA João,UAE Team Emirates,2
Stage 1 (ITT) | Fossacesia Marina - Ortona,06/05,(19.6k),3,MAYRHOFER Marius,Team DSM,1
Stage 2 | Teramo - San Salvo,07/05,(202k),1,LAPEIRA Paul,AG2R Citroën Team,6
Stage 2 | Teramo - San Salvo,07/05,(202k),2,CHAMPION Thomas,Cofidis,4
Stage 2 | Teramo - San Salvo,07/05,(202k),3,GEOGHEGAN HART Tao,INEOS Grenadiers,3
Stage 2 | Teramo - San Salvo,07/05,(202k),4,ALMEIDA João,UAE Team Emirates,2
Stage 2 | Teramo - San Salvo,07/05,(202k),5,BAIS Mattia,EOLO-Kometa,2
Stage 2 | Teramo - San Salvo,07/05,(202k),6,MAYRHOFER Marius,Team DSM,1
Stage 3 | Vasto - Melfi,08/05,(213k),1,PINOT Thibaut,Groupama - FDJ,12
Stage 3 | Vasto - Melfi,08/05,(213k),2,LAPEIRA Paul,AG2R Citroën Team,6
Stage 3 | Vasto - Melfi,08/05,(213k),3,BUITRAGO Santiago,Bahrain - Victorious,4
Stage 3 | Vasto - Melfi,08/05,(213k),4,CHAMPION Thomas,Cofidis,4
Stage 3 | Vasto - Melfi,08/05,(213k),5,GEOGHEGAN HART Tao,INEOS Grenadiers,3
Stage 3 | Vasto - Melfi,08/05,(213k),6,ALMEIDA João,UAE Team Emirates,2
Stage 3 | Vasto - Melfi,08/05,(213k),7,DE PLUS Laurens,INEOS Grenadiers,2
Stage 3 | Vasto - Melfi,08/05,(213k),8,SCOTSON Callum,Team Jayco AlUla,2
Stage 3 | Vasto - Melfi,08/05,(213k),9,BAIS Mattia,EOLO-Kometa,2
Stage 3 | Vasto - Melfi,08/05,(213k),10,DUNBAR Eddie,Team Jayco AlUla,1
Stage 3 | Vasto - Melfi,08/05,(213k),11,SIVAKOV Pavel,INEOS Grenadiers,1
Stage 3 | Vasto - Melfi,08/05,(213k),12,MAYRHOFER Marius,Team DSM,1
Stage 4 | Venosa - Lago Laceno,09/05,(175k),1,PINOT Thibaut,Groupama - FDJ,30
Stage 4 | Venosa - Lago Laceno,09/05,(175k),2,GHEBREIGZABHIER Amanuel,Trek - Segafredo,26
Stage 4 | Venosa - Lago Laceno,09/05,(175k),3,PARET-PEINTRE Aurélien,AG2R Citroën Team,22
Stage 4 | Venosa - Lago Laceno,09/05,(175k),4,BUITRAGO Santiago,Bahrain - Victorious,12
Stage 4 | Venosa - Lago Laceno,09/05,(175k),5,LEKNESSUND Andreas,Team DSM,10
Stage 4 | Venosa - Lago Laceno,09/05,(175k),6,SKUJIŅŠ Toms,Trek - Segafredo,10
Stage 4 | Venosa - Lago Laceno,09/05,(175k),7,ALBANESE Vincenzo,EOLO-Kometa,8
Stage 4 | Venosa - Lago Laceno,09/05,(175k),8,BARGUIL Warren,Team Arkéa Samsic,8
Stage 4 | Venosa - Lago Laceno,09/05,(175k),9,KUSS Sepp,Jumbo-Visma,4
Stage 4 | Venosa - Lago Laceno,09/05,(175k),10,CHAMPION Thomas,Cofidis,4
Stage 4 | Venosa - Lago Laceno,09/05,(175k),11,GEOGHEGAN HART Tao,INEOS Grenadiers,3
Stage 4 | Venosa - Lago Laceno,09/05,(175k),12,ALMEIDA João,UAE Team Emirates,2
Stage 4 | Venosa - Lago Laceno,09/05,(175k),13,CONCI Nicola,Alpecin-Deceuninck,2
Stage 4 | Venosa - Lago Laceno,09/05,(175k),14,DE PLUS Laurens,INEOS Grenadiers,2
Stage 4 | Venosa - Lago Laceno,09/05,(175k),15,SCOTSON Callum,Team Jayco AlUla,2
Stage 4 | Venosa - Lago Laceno,09/05,(175k),16,BAIS Mattia,EOLO-Kometa,2
Stage 4 | Venosa - Lago Laceno,09/05,(175k),17,DUNBAR Eddie,Team Jayco AlUla,1
Stage 4 | Venosa - Lago Laceno,09/05,(175k),18,SIVAKOV Pavel,INEOS Grenadiers,1
Stage 4 | Venosa - Lago Laceno,09/05,(175k),19,FRIGO Marco,Israel - Premier Tech,1
Stage 4 | Venosa - Lago Laceno,09/05,(175k),20,MAYRHOFER Marius,Team DSM,1
Stage 5 | Atripalda - Salerno,10/05,(171k),1,PINOT Thibaut,Groupama - FDJ,40
Stage 5 | Atripalda - Salerno,10/05,(171k),2,GHEBREIGZABHIER Amanuel,Trek - Segafredo,26
Stage 5 | Atripalda - Salerno,10/05,(171k),3,PARET-PEINTRE Aurélien,AG2R Citroën Team,22
Stage 5 | Atripalda - Salerno,10/05,(171k),4,ZOCCARATO Samuele,Green Project-Bardiani CSF-Faizanè,13
Stage 5 | Atripalda - Salerno,10/05,(171k),5,BUITRAGO Santiago,Bahrain - Victorious,12
Stage 5 | Atripalda - Salerno,10/05,(171k),6,LEKNESSUND Andreas,Team DSM,10
Stage 5 | Atripalda - Salerno,10/05,(171k),7,SKUJIŅŠ Toms,Trek - Segafredo,10
Stage 5 | Atripalda - Salerno,10/05,(171k),8,CHAMPION Thomas,Cofidis,9
Stage 5 | Atripalda - Salerno,10/05,(171k),9,ALBANESE Vincenzo,EOLO-Kometa,8
Stage 5 | Atripalda - Salerno,10/05,(171k),10,BARGUIL Warren,Team Arkéa Samsic,8
Stage 5 | Atripalda - Salerno,10/05,(171k),11,KUSS Sepp,Jumbo-Visma,4
Stage 5 | Atripalda - Salerno,10/05,(171k),12,GANDIN Stefano,Team Corratec - Selle Italia,4
Stage 5 | Atripalda - Salerno,10/05,(171k),13,GEOGHEGAN HART Tao,INEOS Grenadiers,3
Stage 5 | Atripalda - Salerno,10/05,(171k),14,ALMEIDA João,UAE Team Emirates,2
Stage 5 | Atripalda - Salerno,10/05,(171k),15,DE PLUS Laurens,INEOS Grenadiers,2
Stage 5 | Atripalda - Salerno,10/05,(171k),16,CONCI Nicola,Alpecin-Deceuninck,2
Stage 5 | Atripalda - Salerno,10/05,(171k),17,SCOTSON Callum,Team Jayco AlUla,2
Stage 5 | Atripalda - Salerno,10/05,(171k),18,BAIS Mattia,EOLO-Kometa,2
Stage 5 | Atripalda - Salerno,10/05,(171k),19,DUNBAR Eddie,Team Jayco AlUla,1
Stage 5 | Atripalda - Salerno,10/05,(171k),20,SIVAKOV Pavel,INEOS Grenadiers,1
Stage 5 | Atripalda - Salerno,10/05,(171k),21,FRIGO Marco,Israel - Premier Tech,1
Stage 5 | Atripalda - Salerno,10/05,(171k),22,MAYRHOFER Marius,Team DSM,1
Stage 6 | Napoli - Napoli,11/05,(162k),1,PINOT Thibaut,Groupama - FDJ,40
Stage 6 | Napoli - Napoli,11/05,(162k),2,GHEBREIGZABHIER Amanuel,Trek - Segafredo,26
Stage 6 | Napoli - Napoli,11/05,(162k),3,PARET-PEINTRE Aurélien,AG2R Citroën Team,22
Stage 6 | Napoli - Napoli,11/05,(162k),4,GAVAZZI Francesco,EOLO-Kometa,18
Stage 6 | Napoli - Napoli,11/05,(162k),5,DE MARCHI Alessandro,Team Jayco AlUla,15
Stage 6 | Napoli - Napoli,11/05,(162k),6,ZOCCARATO Samuele,Green Project-Bardiani CSF-Faizanè,13
Stage 6 | Napoli - Napoli,11/05,(162k),7,BUITRAGO Santiago,Bahrain - Victorious,12
Stage 6 | Napoli - Napoli,11/05,(162k),8,CLARKE Simon,Israel - Premier Tech,12
Stage 6 | Napoli - Napoli,11/05,(162k),9,LEKNESSUND Andreas,Team DSM,10
Stage 6 | Napoli - Napoli,11/05,(162k),10,SKUJIŅŠ Toms,Trek - Segafredo,10
Stage 6 | Napoli - Napoli,11/05,(162k),11,CHAMPION Thomas,Cofidis,9
Stage 6 | Napoli - Napoli,11/05,(162k),12,ALBANESE Vincenzo,EOLO-Kometa,8
Stage 6 | Napoli - Napoli,11/05,(162k),13,BARGUIL Warren,Team Arkéa Samsic,8
Stage 6 | Napoli - Napoli,11/05,(162k),14,QUARTERMAN Charlie,Team Corratec - Selle Italia,5
Stage 6 | Napoli - Napoli,11/05,(162k),15,KUSS Sepp,Jumbo-Visma,4
Stage 6 | Napoli - Napoli,11/05,(162k),16,DELETTRE Alexandre,Cofidis,4
Stage 6 | Napoli - Napoli,11/05,(162k),17,GANDIN Stefano,Team Corratec - Selle Italia,4
Stage 6 | Napoli - Napoli,11/05,(162k),18,GEOGHEGAN HART Tao,INEOS Grenadiers,3
Stage 6 | Napoli - Napoli,11/05,(162k),19,ALMEIDA João,UAE Team Emirates,2
Stage 6 | Napoli - Napoli,11/05,(162k),20,DE PLUS Laurens,INEOS Grenadiers,2
Stage 6 | Napoli - Napoli,11/05,(162k),21,CONCI Nicola,Alpecin-Deceuninck,2
Stage 6 | Napoli - Napoli,11/05,(162k),22,SCOTSON Callum,Team Jayco AlUla,2
Stage 6 | Napoli - Napoli,11/05,(162k),23,BAIS Mattia,EOLO-Kometa,2
Stage 6 | Napoli - Napoli,11/05,(162k),24,DUNBAR Eddie,Team Jayco AlUla,1
Stage 6 | Napoli - Napoli,11/05,(162k),25,SIVAKOV Pavel,INEOS Grenadiers,1
Stage 6 | Napoli - Napoli,11/05,(162k),26,FRIGO Marco,Israel - Premier Tech,1
Stage 6 | Napoli - Napoli,11/05,(162k),27,MAYRHOFER Marius,Team DSM,1
Stage 6 | Napoli - Napoli,11/05,(162k),28,VERRE Alessandro,Team Arkéa Samsic,1
Stage 7 | Capua - Gran Sasso d'Italia (Campo Imperatore),12/05,(218k),1,BAIS Davide,EOLO-Kometa,86
Stage 7 | Capua - Gran Sasso d'Italia (Campo Imperatore),12/05,(218k),2,PINOT Thibaut,Groupama - FDJ,50
Stage 7 | Capua - Gran Sasso d'Italia (Campo Imperatore),12/05,(218k),3,VACEK Karel,Team Corratec - Selle Italia,36
Stage 7 | Capua - Gran Sasso d'Italia (Campo Imperatore),12/05,(218k),4,PETILLI Simone,Intermarché - Circus - Wanty,32
Stage 7 | Capua - Gran Sasso d'Italia (Campo Imperatore),12/05,(218k),5,GHEBREIGZABHIER Amanuel,Trek - Segafredo,26
Stage 7 | Capua - Gran Sasso d'Italia (Campo Imperatore),12/05,(218k),6,PARET-PEINTRE Aurélien,AG2R Citroën Team,22
Stage 7 | Capua - Gran Sasso d'Italia (Campo Imperatore),12/05,(218k),7,GAVAZZI Francesco,EOLO-Kometa,18
Stage 7 | Capua - Gran Sasso d'Italia (Campo Imperatore),12/05,(218k),8,DE MARCHI Alessandro,Team Jayco AlUla,15
Stage 7 | Capua - Gran Sasso d'Italia (Campo Imperatore),12/05,(218k),9,ZOCCARATO Samuele,Green Project-Bardiani CSF-Faizanè,13
Stage 7 | Capua - Gran Sasso d'Italia (Campo Imperatore),12/05,(218k),10,BUITRAGO Santiago,Bahrain - Victorious,12
Stage 7 | Capua - Gran Sasso d'Italia (Campo Imperatore),12/05,(218k),11,CLARKE Simon,Israel - Premier Tech,12
Stage 7 | Capua - Gran Sasso d'Italia (Campo Imperatore),12/05,(218k),12,LEKNESSUND Andreas,Team DSM,10
Stage 7 | Capua - Gran Sasso d'Italia (Campo Imperatore),12/05,(218k),13,SKUJIŅŠ Toms,Trek - Segafredo,10
Stage 7 | Capua - Gran Sasso d'Italia (Campo Imperatore),12/05,(218k),14,EVENEPOEL Remco,Soudal - Quick Step,9
Stage 7 | Capua - Gran Sasso d'Italia (Campo Imperatore),12/05,(218k),15,CHAMPION Thomas,Cofidis,9
Stage 7 | Capua - Gran Sasso d'Italia (Campo Imperatore),12/05,(218k),16,BARGUIL Warren,Team Arkéa Samsic,8
Stage 7 | Capua - Gran Sasso d'Italia (Campo Imperatore),12/05,(218k),17,ALBANESE Vincenzo,EOLO-Kometa,8
Stage 7 | Capua - Gran Sasso d'Italia (Campo Imperatore),12/05,(218k),18,ROGLIČ Primož,Jumbo-Visma,6
Stage 7 | Capua - Gran Sasso d'Italia (Campo Imperatore),12/05,(218k),19,QUARTERMAN Charlie,Team Corratec - Selle Italia,5
Stage 7 | Capua - Gran Sasso d'Italia (Campo Imperatore),12/05,(218k),20,KUSS Sepp,Jumbo-Visma,4
Stage 7 | Capua - Gran Sasso d'Italia (Campo Imperatore),12/05,(218k),21,MULUBRHAN Henok,Green Project-Bardiani CSF-Faizanè,4
Stage 7 | Capua - Gran Sasso d'Italia (Campo Imperatore),12/05,(218k),22,DELETTRE Alexandre,Cofidis,4
Stage 7 | Capua - Gran Sasso d'Italia (Campo Imperatore),12/05,(218k),23,GANDIN Stefano,Team Corratec - Selle Italia,4
Stage 7 | Capua - Gran Sasso d'Italia (Campo Imperatore),12/05,(218k),24,GEOGHEGAN HART Tao,INEOS Grenadiers,3
Stage 7 | Capua - Gran Sasso d'Italia (Campo Imperatore),12/05,(218k),25,ALMEIDA João,UAE Team Emirates,3
Stage 7 | Capua - Gran Sasso d'Italia (Campo Imperatore),12/05,(218k),26,KÜNG Stefan,Groupama - FDJ,3
Stage 7 | Capua - Gran Sasso d'Italia (Campo Imperatore),12/05,(218k),27,THOMAS Geraint,INEOS Grenadiers,2
Stage 7 | Capua - Gran Sasso d'Italia (Campo Imperatore),12/05,(218k),28,DE PLUS Laurens,INEOS Grenadiers,2
Stage 7 | Capua - Gran Sasso d'Italia (Campo Imperatore),12/05,(218k),29,SCOTSON Callum,Team Jayco AlUla,2
Stage 7 | Capua - Gran Sasso d'Italia (Campo Imperatore),12/05,(218k),30,BAIS Mattia,EOLO-Kometa,2
Stage 7 | Capua - Gran Sasso d'Italia (Campo Imperatore),12/05,(218k),31,DUNBAR Eddie,Team Jayco AlUla,1
Stage 7 | Capua - Gran Sasso d'Italia (Campo Imperatore),12/05,(218k),32,SIVAKOV Pavel,INEOS Grenadiers,1
Stage 7 | Capua - Gran Sasso d'Italia (Campo Imperatore),12/05,(218k),33,ARMIRAIL Bruno,Groupama - FDJ,1
Stage 7 | Capua - Gran Sasso d'Italia (Campo Imperatore),12/05,(218k),34,FRIGO Marco,Israel - Premier Tech,1
Stage 7 | Capua - Gran Sasso d'Italia (Campo Imperatore),12/05,(218k),35,VERRE Alessandro,Team Arkéa Samsic,1
Stage 7 | Capua - Gran Sasso d'Italia (Campo Imperatore),12/05,(218k),36,MAYRHOFER Marius,Team DSM,1
Stage 8 | Terni - Fossombrone,13/05,(207k),1,BAIS Davide,EOLO-Kometa,86
Stage 8 | Terni - Fossombrone,13/05,(207k),2,PINOT Thibaut,Groupama - FDJ,50
Stage 8 | Terni - Fossombrone,13/05,(207k),3,VACEK Karel,Team Corratec - Selle Italia,36
Stage 8 | Terni - Fossombrone,13/05,(207k),4,PETILLI Simone,Intermarché - Circus - Wanty,32
Stage 8 | Terni - Fossombrone,13/05,(207k),5,GHEBREIGZABHIER Amanuel,Trek - Segafredo,26
Stage 8 | Terni - Fossombrone,13/05,(207k),6,HEALY Ben,EF Education-EasyPost,24
Stage 8 | Terni - Fossombrone,13/05,(207k),7,PARET-PEINTRE Aurélien,AG2R Citroën Team,22
Stage 8 | Terni - Fossombrone,13/05,(207k),8,GAVAZZI Francesco,EOLO-Kometa,18
Stage 8 | Terni - Fossombrone,13/05,(207k),9,BARGUIL Warren,Team Arkéa Samsic,16
Stage 8 | Terni - Fossombrone,13/05,(207k),10,DE MARCHI Alessandro,Team Jayco AlUla,15
Stage 8 | Terni - Fossombrone,13/05,(207k),11,BUITRAGO Santiago,Bahrain - Victorious,12
Stage 8 | Terni - Fossombrone,13/05,(207k),12,SKUJIŅŠ Toms,Trek - Segafredo,12
Stage 8 | Terni - Fossombrone,13/05,(207k),13,CLARKE Simon,Israel - Premier Tech,12
Stage 8 | Terni - Fossombrone,13/05,(207k),14,LEKNESSUND Andreas,Team DSM,10
Stage 8 | Terni - Fossombrone,13/05,(207k),15,EVENEPOEL Remco,Soudal - Quick Step,9
Stage 8 | Terni - Fossombrone,13/05,(207k),16,ZANA Filippo,Team Jayco AlUla,9
Stage 8 | Terni - Fossombrone,13/05,(207k),17,CHAMPION Thomas,Cofidis,9
Stage 8 | Terni - Fossombrone,13/05,(207k),18,ALBANESE Vincenzo,EOLO-Kometa,8
Stage 8 | Terni - Fossombrone,13/05,(207k),19,ROGLIČ Primož,Jumbo-Visma,6
Stage 8 | Terni - Fossombrone,13/05,(207k),20,BAIS Mattia,EOLO-Kometa,6
Stage 8 | Terni - Fossombrone,13/05,(207k),21,QUARTERMAN Charlie,Team Corratec - Selle Italia,5
Stage 8 | Terni - Fossombrone,13/05,(207k),22,KUSS Sepp,Jumbo-Visma,4
Stage 8 | Terni - Fossombrone,13/05,(207k),23,MULUBRHAN Henok,Green Project-Bardiani CSF-Faizanè,4
Stage 8 | Terni - Fossombrone,13/05,(207k),24,DELETTRE Alexandre,Cofidis,4
Stage 8 | Terni - Fossombrone,13/05,(207k),25,GANDIN Stefano,Team Corratec - Selle Italia,4
Stage 8 | Terni - Fossombrone,13/05,(207k),26,GEOGHEGAN HART Tao,INEOS Grenadiers,3
Stage 8 | Terni - Fossombrone,13/05,(207k),27,ALMEIDA João,UAE Team Emirates,3
Stage 8 | Terni - Fossombrone,13/05,(207k),28,GEE Derek,Israel - Premier Tech,3
Stage 8 | Terni - Fossombrone,13/05,(207k),29,KÜNG Stefan,Groupama - FDJ,3
Stage 8 | Terni - Fossombrone,13/05,(207k),30,THOMAS Geraint,INEOS Grenadiers,2
Stage 8 | Terni - Fossombrone,13/05,(207k),31,DE PLUS Laurens,INEOS Grenadiers,2
Stage 8 | Terni - Fossombrone,13/05,(207k),32,SCOTSON Callum,Team Jayco AlUla,2
Stage 8 | Terni - Fossombrone,13/05,(207k),33,DUNBAR Eddie,Team Jayco AlUla,1
Stage 8 | Terni - Fossombrone,13/05,(207k),34,SIVAKOV Pavel,INEOS Grenadiers,1
Stage 8 | Terni - Fossombrone,13/05,(207k),35,ARMIRAIL Bruno,Groupama - FDJ,1
Stage 8 | Terni - Fossombrone,13/05,(207k),36,VERONA Carlos,Movistar Team,1
Stage 8 | Terni - Fossombrone,13/05,(207k),37,FRIGO Marco,Israel - Premier Tech,1
Stage 8 | Terni - Fossombrone,13/05,(207k),38,VERRE Alessandro,Team Arkéa Samsic,1
Stage 8 | Terni - Fossombrone,13/05,(207k),39,MAYRHOFER Marius,Team DSM,1
Stage 9 (ITT) | Savignano sul Rubicone - Cesena,14/05,(35k),1,BAIS Davide,EOLO-Kometa,86
Stage 9 (ITT) | Savignano sul Rubicone - Cesena,14/05,(35k),2,PINOT Thibaut,Groupama - FDJ,50
Stage 9 (ITT) | Savignano sul Rubicone - Cesena,14/05,(35k),3,VACEK Karel,Team Corratec - Selle Italia,36
Stage 9 (ITT) | Savignano sul Rubicone - Cesena,14/05,(35k),4,PETILLI Simone,Intermarché - Circus - Wanty,32
Stage 9 (ITT) | Savignano sul Rubicone - Cesena,14/05,(35k),5,GHEBREIGZABHIER Amanuel,Trek - Segafredo,26
Stage 9 (ITT) | Savignano sul Rubicone - Cesena,14/05,(35k),6,HEALY Ben,EF Education-EasyPost,24
Stage 9 (ITT) | Savignano sul Rubicone - Cesena,14/05,(35k),7,PARET-PEINTRE Aurélien,AG2R Citroën Team,22
Stage 9 (ITT) | Savignano sul Rubicone - Cesena,14/05,(35k),8,GAVAZZI Francesco,EOLO-Kometa,18
Stage 9 (ITT) | Savignano sul Rubicone - Cesena,14/05,(35k),9,BARGUIL Warren,Team Arkéa Samsic,16
Stage 9 (ITT) | Savignano sul Rubicone - Cesena,14/05,(35k),10,DE MARCHI Alessandro,Team Jayco AlUla,15
Stage 9 (ITT) | Savignano sul Rubicone - Cesena,14/05,(35k),11,BUITRAGO Santiago,Bahrain - Victorious,12
Stage 9 (ITT) | Savignano sul Rubicone - Cesena,14/05,(35k),12,SKUJIŅŠ Toms,Trek - Segafredo,12
Stage 9 (ITT) | Savignano sul Rubicone - Cesena,14/05,(35k),13,CLARKE Simon,Israel - Premier Tech,12
Stage 9 (ITT) | Savignano sul Rubicone - Cesena,14/05,(35k),14,LEKNESSUND Andreas,Team DSM,10
Stage 9 (ITT) | Savignano sul Rubicone - Cesena,14/05,(35k),15,EVENEPOEL Remco,Soudal - Quick Step,9
Stage 9 (ITT) | Savignano sul Rubicone - Cesena,14/05,(35k),16,ZANA Filippo,Team Jayco AlUla,9
Stage 9 (ITT) | Savignano sul Rubicone - Cesena,14/05,(35k),17,CHAMPION Thomas,Cofidis,9
Stage 9 (ITT) | Savignano sul Rubicone - Cesena,14/05,(35k),18,ALBANESE Vincenzo,EOLO-Kometa,8
Stage 9 (ITT) | Savignano sul Rubicone - Cesena,14/05,(35k),19,ROGLIČ Primož,Jumbo-Visma,6
Stage 9 (ITT) | Savignano sul Rubicone - Cesena,14/05,(35k),20,BAIS Mattia,EOLO-Kometa,6
Stage 9 (ITT) | Savignano sul Rubicone - Cesena,14/05,(35k),21,QUARTERMAN Charlie,Team Corratec - Selle Italia,5
Stage 9 (ITT) | Savignano sul Rubicone - Cesena,14/05,(35k),22,KUSS Sepp,Jumbo-Visma,4
Stage 9 (ITT) | Savignano sul Rubicone - Cesena,14/05,(35k),23,MULUBRHAN Henok,Green Project-Bardiani CSF-Faizanè,4
Stage 9 (ITT) | Savignano sul Rubicone - Cesena,14/05,(35k),24,DELETTRE Alexandre,Cofidis,4
Stage 9 (ITT) | Savignano sul Rubicone - Cesena,14/05,(35k),25,GANDIN Stefano,Team Corratec - Selle Italia,4
Stage 9 (ITT) | Savignano sul Rubicone - Cesena,14/05,(35k),26,GEOGHEGAN HART Tao,INEOS Grenadiers,3
Stage 9 (ITT) | Savignano sul Rubicone - Cesena,14/05,(35k),27,ALMEIDA João,UAE Team Emirates,3
Stage 9 (ITT) | Savignano sul Rubicone - Cesena,14/05,(35k),28,KÜNG Stefan,Groupama - FDJ,3
Stage 9 (ITT) | Savignano sul Rubicone - Cesena,14/05,(35k),29,GEE Derek,Israel - Premier Tech,3
Stage 9 (ITT) | Savignano sul Rubicone - Cesena,14/05,(35k),30,THOMAS Geraint,INEOS Grenadiers,2
Stage 9 (ITT) | Savignano sul Rubicone - Cesena,14/05,(35k),31,DE PLUS Laurens,INEOS Grenadiers,2
Stage 9 (ITT) | Savignano sul Rubicone - Cesena,14/05,(35k),32,SCOTSON Callum,Team Jayco AlUla,2
Stage 9 (ITT) | Savignano sul Rubicone - Cesena,14/05,(35k),33,SIVAKOV Pavel,INEOS Grenadiers,1
Stage 9 (ITT) | Savignano sul Rubicone - Cesena,14/05,(35k),34,DUNBAR Eddie,Team Jayco AlUla,1
Stage 9 (ITT) | Savignano sul Rubicone - Cesena,14/05,(35k),35,ARMIRAIL Bruno,Groupama - FDJ,1
Stage 9 (ITT) | Savignano sul Rubicone - Cesena,14/05,(35k),36,FRIGO Marco,Israel - Premier Tech,1
Stage 9 (ITT) | Savignano sul Rubicone - Cesena,14/05,(35k),37,VERONA Carlos,Movistar Team,1
Stage 9 (ITT) | Savignano sul Rubicone - Cesena,14/05,(35k),38,VERRE Alessandro,Team Arkéa Samsic,1
Stage 9 (ITT) | Savignano sul Rubicone - Cesena,14/05,(35k),39,MAYRHOFER Marius,Team DSM,1
Stage 10 | Scandiano - Viareggio,16/05,(196k),1,BAIS Davide,EOLO-Kometa,104
Stage 10 | Scandiano - Viareggio,16/05,(196k),2,PINOT Thibaut,Groupama - FDJ,50
Stage 10 | Scandiano - Viareggio,16/05,(196k),3,VACEK Karel,Team Corratec - Selle Italia,36
Stage 10 | Scandiano - Viareggio,16/05,(196k),4,GHEBREIGZABHIER Amanuel,Trek - Segafredo,26
Stage 10 | Scandiano - Viareggio,16/05,(196k),5,HEALY Ben,EF Education-EasyPost,24
Stage 10 | Scandiano - Viareggio,16/05,(196k),6,PARET-PEINTRE Aurélien,AG2R Citroën Team,22
Stage 10 | Scandiano - Viareggio,16/05,(196k),7,DE MARCHI Alessandro,Team Jayco AlUla,22
Stage 10 | Scandiano - Viareggio,16/05,(196k),8,GAVAZZI Francesco,EOLO-Kometa,18
Stage 10 | Scandiano - Viareggio,16/05,(196k),9,BARGUIL Warren,Team Arkéa Samsic,16
Stage 10 | Scandiano - Viareggio,16/05,(196k),10,BUITRAGO Santiago,Bahrain - Victorious,12
Stage 10 | Scandiano - Viareggio,16/05,(196k),11,SKUJIŅŠ Toms,Trek - Segafredo,12
Stage 10 | Scandiano - Viareggio,16/05,(196k),12,CLARKE Simon,Israel - Premier Tech,12
Stage 10 | Scandiano - Viareggio,16/05,(196k),13,GEE Derek,Israel - Premier Tech,10
Stage 10 | Scandiano - Viareggio,16/05,(196k),14,LEKNESSUND Andreas,Team DSM,10
Stage 10 | Scandiano - Viareggio,16/05,(196k),15,CORT Magnus,EF Education-EasyPost,10
Stage 10 | Scandiano - Viareggio,16/05,(196k),16,ZANA Filippo,Team Jayco AlUla,9
Stage 10 | Scandiano - Viareggio,16/05,(196k),17,CHAMPION Thomas,Cofidis,9
Stage 10 | Scandiano - Viareggio,16/05,(196k),18,ALBANESE Vincenzo,EOLO-Kometa,8
Stage 10 | Scandiano - Viareggio,16/05,(196k),19,ROGLIČ Primož,Jumbo-Visma,6
Stage 10 | Scandiano - Viareggio,16/05,(196k),20,BAIS Mattia,EOLO-Kometa,6
Stage 10 | Scandiano - Viareggio,16/05,(196k),21,QUARTERMAN Charlie,Team Corratec - Selle Italia,5
Stage 10 | Scandiano - Viareggio,16/05,(196k),22,KUSS Sepp,Jumbo-Visma,4
Stage 10 | Scandiano - Viareggio,16/05,(196k),23,DELETTRE Alexandre,Cofidis,4
Stage 10 | Scandiano - Viareggio,16/05,(196k),24,MULUBRHAN Henok,Green Project-Bardiani CSF-Faizanè,4
Stage 10 | Scandiano - Viareggio,16/05,(196k),25,GANDIN Stefano,Team Corratec - Selle Italia,4
Stage 10 | Scandiano - Viareggio,16/05,(196k),26,GEOGHEGAN HART Tao,INEOS Grenadiers,3
Stage 10 | Scandiano - Viareggio,16/05,(196k),27,ALMEIDA João,UAE Team Emirates,3
Stage 10 | Scandiano - Viareggio,16/05,(196k),28,THOMAS Geraint,INEOS Grenadiers,2
Stage 10 | Scandiano - Viareggio,16/05,(196k),29,SIVAKOV Pavel,INEOS Grenadiers,2
Stage 10 | Scandiano - Viareggio,16/05,(196k),30,DE PLUS Laurens,INEOS Grenadiers,2
Stage 10 | Scandiano - Viareggio,16/05,(196k),31,FORMOLO Davide,UAE Team Emirates,2
Stage 10 | Scandiano - Viareggio,16/05,(196k),32,DUNBAR Eddie,Team Jayco AlUla,1
Stage 10 | Scandiano - Viareggio,16/05,(196k),33,ARMIRAIL Bruno,Groupama - FDJ,1
Stage 10 | Scandiano - Viareggio,16/05,(196k),34,FRIGO Marco,Israel - Premier Tech,1
Stage 10 | Scandiano - Viareggio,16/05,(196k),35,VERONA Carlos,Movistar Team,1
Stage 10 | Scandiano - Viareggio,16/05,(196k),36,MAYRHOFER Marius,Team DSM,1
Stage 10 | Scandiano - Viareggio,16/05,(196k),36,MATTHEWS Michael,Team Jayco AlUla,1
Stage 10 | Scandiano - Viareggio,16/05,(196k),37,VERRE Alessandro,Team Arkéa Samsic,1
Stage 10 | Scandiano - Viareggio,16/05,(196k),-,GAVIRIA Fernando,Movistar Team,-4
Stage 11 | Camaiore - Tortona,17/05,(219k),1,BAIS Davide,EOLO-Kometa,104
Stage 11 | Camaiore - Tortona,17/05,(219k),2,PINOT Thibaut,Groupama - FDJ,50
Stage 11 | Camaiore - Tortona,17/05,(219k),3,VACEK Karel,Team Corratec - Selle Italia,36
Stage 11 | Camaiore - Tortona,17/05,(219k),4,GHEBREIGZABHIER Amanuel,Trek - Segafredo,26
Stage 11 | Camaiore - Tortona,17/05,(219k),5,HEALY Ben,EF Education-EasyPost,24
Stage 11 | Camaiore - Tortona,17/05,(219k),6,PARET-PEINTRE Aurélien,AG2R Citroën Team,22
Stage 11 | Camaiore - Tortona,17/05,(219k),7,DE MARCHI Alessandro,Team Jayco AlUla,22
Stage 11 | Camaiore - Tortona,17/05,(219k),8,STOJNIĆ Veljko,Team Corratec - Selle Italia,21
Stage 11 | Camaiore - Tortona,17/05,(219k),9,GAVAZZI Francesco,EOLO-Kometa,18
Stage 11 | Camaiore - Tortona,17/05,(219k),10,BARGUIL Warren,Team Arkéa Samsic,16
Stage 11 | Camaiore - Tortona,17/05,(219k),11,BUITRAGO Santiago,Bahrain - Victorious,12
Stage 11 | Camaiore - Tortona,17/05,(219k),12,SKUJIŅŠ Toms,Trek - Segafredo,12
Stage 11 | Camaiore - Tortona,17/05,(219k),13,CHAMPION Thomas,Cofidis,12
Stage 11 | Camaiore - Tortona,17/05,(219k),14,CLARKE Simon,Israel - Premier Tech,12
Stage 11 | Camaiore - Tortona,17/05,(219k),15,GEE Derek,Israel - Premier Tech,10
Stage 11 | Camaiore - Tortona,17/05,(219k),16,LEKNESSUND Andreas,Team DSM,10
Stage 11 | Camaiore - Tortona,17/05,(219k),17,CORT Magnus,EF Education-EasyPost,10
Stage 11 | Camaiore - Tortona,17/05,(219k),18,ZANA Filippo,Team Jayco AlUla,9
Stage 11 | Camaiore - Tortona,17/05,(219k),19,ALBANESE Vincenzo,EOLO-Kometa,8
Stage 11 | Camaiore - Tortona,17/05,(219k),20,ROGLIČ Primož,Jumbo-Visma,6
Stage 11 | Camaiore - Tortona,17/05,(219k),21,BAIS Mattia,EOLO-Kometa,6
Stage 11 | Camaiore - Tortona,17/05,(219k),22,SEVILLA Diego Pablo,EOLO-Kometa,6
Stage 11 | Camaiore - Tortona,17/05,(219k),23,MAGLI Filippo,Green Project-Bardiani CSF-Faizanè,6
Stage 11 | Camaiore - Tortona,17/05,(219k),24,QUARTERMAN Charlie,Team Corratec - Selle Italia,5
Stage 11 | Camaiore - Tortona,17/05,(219k),25,KUSS Sepp,Jumbo-Visma,4
Stage 11 | Camaiore - Tortona,17/05,(219k),26,DELETTRE Alexandre,Cofidis,4
Stage 11 | Camaiore - Tortona,17/05,(219k),27,MULUBRHAN Henok,Green Project-Bardiani CSF-Faizanè,4
Stage 11 | Camaiore - Tortona,17/05,(219k),28,ALMEIDA João,UAE Team Emirates,3
Stage 11 | Camaiore - Tortona,17/05,(219k),29,THOMAS Geraint,INEOS Grenadiers,2
Stage 11 | Camaiore - Tortona,17/05,(219k),30,DE PLUS Laurens,INEOS Grenadiers,2
Stage 11 | Camaiore - Tortona,17/05,(219k),31,SIVAKOV Pavel,INEOS Grenadiers,2
Stage 11 | Camaiore - Tortona,17/05,(219k),32,FORMOLO Davide,UAE Team Emirates,2
Stage 11 | Camaiore - Tortona,17/05,(219k),33,REX Laurenz,Intermarché - Circus - Wanty,2
Stage 11 | Camaiore - Tortona,17/05,(219k),34,DUNBAR Eddie,Team Jayco AlUla,1
Stage 11 | Camaiore - Tortona,17/05,(219k),35,ARMIRAIL Bruno,Groupama - FDJ,1
Stage 11 | Camaiore - Tortona,17/05,(219k),36,FRIGO Marco,Israel - Premier Tech,1
Stage 11 | Camaiore - Tortona,17/05,(219k),37,VERONA Carlos,Movistar Team,1
Stage 11 | Camaiore - Tortona,17/05,(219k),38,MAYRHOFER Marius,Team DSM,1
Stage 11 | Camaiore - Tortona,17/05,(219k),39,VERRE Alessandro,Team Arkéa Samsic,1
Stage 11 | Camaiore - Tortona,17/05,(219k),-,GAVIRIA Fernando,Movistar Team,-4
Stage 12 | Bra - Rivoli,18/05,(185k),1,BAIS Davide,EOLO-Kometa,104
Stage 12 | Bra - Rivoli,18/05,(185k),2,PINOT Thibaut,Groupama - FDJ,50
Stage 12 | Bra - Rivoli,18/05,(185k),3,VACEK Karel,Team Corratec - Selle Italia,36
Stage 12 | Bra - Rivoli,18/05,(185k),4,SKUJIŅŠ Toms,Trek - Segafredo,30
Stage 12 | Bra - Rivoli,18/05,(185k),5,GHEBREIGZABHIER Amanuel,Trek - Segafredo,30
Stage 12 | Bra - Rivoli,18/05,(185k),6,HEALY Ben,EF Education-EasyPost,24
Stage 12 | Bra - Rivoli,18/05,(185k),7,PARET-PEINTRE Aurélien,AG2R Citroën Team,22
Stage 12 | Bra - Rivoli,18/05,(185k),8,DE MARCHI Alessandro,Team Jayco AlUla,22
Stage 12 | Bra - Rivoli,18/05,(185k),9,STOJNIĆ Veljko,Team Corratec - Selle Italia,21
Stage 12 | Bra - Rivoli,18/05,(185k),10,GAVAZZI Francesco,EOLO-Kometa,18
Stage 12 | Bra - Rivoli,18/05,(185k),11,BARGUIL Warren,Team Arkéa Samsic,16
Stage 12 | Bra - Rivoli,18/05,(185k),12,DENZ Nico,BORA - hansgrohe,15
Stage 12 | Bra - Rivoli,18/05,(185k),13,BUITRAGO Santiago,Bahrain - Victorious,12
Stage 12 | Bra - Rivoli,18/05,(185k),14,CHAMPION Thomas,Cofidis,12
Stage 12 | Bra - Rivoli,18/05,(185k),15,CLARKE Simon,Israel - Premier Tech,12
Stage 12 | Bra - Rivoli,18/05,(185k),16,GEE Derek,Israel - Premier Tech,10
Stage 12 | Bra - Rivoli,18/05,(185k),17,LEKNESSUND Andreas,Team DSM,10
Stage 12 | Bra - Rivoli,18/05,(185k),18,CORT Magnus,EF Education-EasyPost,10
Stage 12 | Bra - Rivoli,18/05,(185k),19,ZANA Filippo,Team Jayco AlUla,9
Stage 12 | Bra - Rivoli,18/05,(185k),20,BERWICK Sebastian,Israel - Premier Tech,8
Stage 12 | Bra - Rivoli,18/05,(185k),21,ALBANESE Vincenzo,EOLO-Kometa,8
Stage 12 | Bra - Rivoli,18/05,(185k),22,ROGLIČ Primož,Jumbo-Visma,6
Stage 12 | Bra - Rivoli,18/05,(185k),23,BAIS Mattia,EOLO-Kometa,6
Stage 12 | Bra - Rivoli,18/05,(185k),24,SEVILLA Diego Pablo,EOLO-Kometa,6
Stage 12 | Bra - Rivoli,18/05,(185k),25,MAGLI Filippo,Green Project-Bardiani CSF-Faizanè,6
Stage 12 | Bra - Rivoli,18/05,(185k),26,QUARTERMAN Charlie,Team Corratec - Selle Italia,5
Stage 12 | Bra - Rivoli,18/05,(185k),27,TONELLI Alessandro,Green Project-Bardiani CSF-Faizanè,4
Stage 12 | Bra - Rivoli,18/05,(185k),28,KUSS Sepp,Jumbo-Visma,4
Stage 12 | Bra - Rivoli,18/05,(185k),29,FRIGO Marco,Israel - Premier Tech,4
Stage 12 | Bra - Rivoli,18/05,(185k),30,DELETTRE Alexandre,Cofidis,4
Stage 12 | Bra - Rivoli,18/05,(185k),31,MULUBRHAN Henok,Green Project-Bardiani CSF-Faizanè,4
Stage 12 | Bra - Rivoli,18/05,(185k),32,ALMEIDA João,UAE Team Emirates,3
Stage 12 | Bra - Rivoli,18/05,(185k),33,FORMOLO Davide,UAE Team Emirates,3
Stage 12 | Bra - Rivoli,18/05,(185k),34,THOMAS Geraint,INEOS Grenadiers,2
Stage 12 | Bra - Rivoli,18/05,(185k),35,DE PLUS Laurens,INEOS Grenadiers,2
Stage 12 | Bra - Rivoli,18/05,(185k),36,SIVAKOV Pavel,INEOS Grenadiers,2
Stage 12 | Bra - Rivoli,18/05,(185k),37,PRONSKIY Vadim,Astana Qazaqstan Team,2
Stage 12 | Bra - Rivoli,18/05,(185k),38,REX Laurenz,Intermarché - Circus - Wanty,2
Stage 12 | Bra - Rivoli,18/05,(185k),39,DUNBAR Eddie,Team Jayco AlUla,1
Stage 12 | Bra - Rivoli,18/05,(185k),40,ARMIRAIL Bruno,Groupama - FDJ,1
Stage 12 | Bra - Rivoli,18/05,(185k),41,VERONA Carlos,Movistar Team,1
Stage 12 | Bra - Rivoli,18/05,(185k),42,MAYRHOFER Marius,Team DSM,1
Stage 12 | Bra - Rivoli,18/05,(185k),43,VERRE Alessandro,Team Arkéa Samsic,1
Stage 12 | Bra - Rivoli,18/05,(185k),-,GAVIRIA Fernando,Movistar Team,-4
Stage 13 | Le Châble - Crans-Montana,19/05,(74.6k),1,MILAN Jonathan,Bahrain - Victorious,164
Stage 13 | Le Châble - Crans-Montana,19/05,(74.6k),2,ACKERMANN Pascal,UAE Team Emirates,88
Stage 13 | Le Châble - Crans-Montana,19/05,(74.6k),3,GEE Derek,Israel - Premier Tech,71
Stage 13 | Le Châble - Crans-Montana,19/05,(74.6k),4,MATTHEWS Michael,Team Jayco AlUla,68
Stage 13 | Le Châble - Crans-Montana,19/05,(74.6k),5,CORT Magnus,EF Education-EasyPost,56
Stage 13 | Le Châble - Crans-Montana,19/05,(74.6k),6,SKUJIŅŠ Toms,Trek - Segafredo,51
Stage 13 | Le Châble - Crans-Montana,19/05,(74.6k),7,CAVENDISH Mark,Astana Qazaqstan Team,51
Stage 13 | Le Châble - Crans-Montana,19/05,(74.6k),8,ALBANESE Vincenzo,EOLO-Kometa,44
Stage 13 | Le Châble - Crans-Montana,19/05,(74.6k),9,BAIS Davide,EOLO-Kometa,39
Stage 13 | Le Châble - Crans-Montana,19/05,(74.6k),10,DE MARCHI Alessandro,Team Jayco AlUla,37
Stage 13 | Le Châble - Crans-Montana,19/05,(74.6k),11,PARET-PEINTRE Aurélien,AG2R Citroën Team,33
Stage 13 | Le Châble - Crans-Montana,19/05,(74.6k),12,OLDANI Stefano,Alpecin-Deceuninck,32
Stage 13 | Le Châble - Crans-Montana,19/05,(74.6k),13,MAYRHOFER Marius,Team DSM,31
Stage 13 | Le Châble - Crans-Montana,19/05,(74.6k),14,HEALY Ben,EF Education-EasyPost,29
Stage 13 | Le Châble - Crans-Montana,19/05,(74.6k),15,MARIT Arne,Intermarché - Circus - Wanty,29
Stage 13 | Le Châble - Crans-Montana,19/05,(74.6k),16,DENZ Nico,BORA - hansgrohe,25
Stage 13 | Le Châble - Crans-Montana,19/05,(74.6k),17,FIORELLI Filippo,Green Project-Bardiani CSF-Faizanè,25
Stage 13 | Le Châble - Crans-Montana,19/05,(74.6k),18,LEKNESSUND Andreas,Team DSM,22
Stage 13 | Le Châble - Crans-Montana,19/05,(74.6k),19,ROGLIČ Primož,Jumbo-Visma,21
Stage 13 | Le Châble - Crans-Montana,19/05,(74.6k),20,STOJNIĆ Veljko,Team Corratec - Selle Italia,20
Stage 13 | Le Châble - Crans-Montana,19/05,(74.6k),21,THOMAS Geraint,INEOS Grenadiers,20
Stage 13 | Le Châble - Crans-Montana,19/05,(74.6k),22,MAESTRI Mirco,EOLO-Kometa,19
Stage 13 | Le Châble - Crans-Montana,19/05,(74.6k),23,BONIFAZIO Niccolò,Intermarché - Circus - Wanty,19
Stage 13 | Le Châble - Crans-Montana,19/05,(74.6k),24,VERONA Carlos,Movistar Team,18
Stage 13 | Le Châble - Crans-Montana,19/05,(74.6k),25,KONYCHEV Alexander,Team Corratec - Selle Italia,18
Stage 13 | Le Châble - Crans-Montana,19/05,(74.6k),26,ALMEIDA João,UAE Team Emirates,18
Stage 13 | Le Châble - Crans-Montana,19/05,(74.6k),27,CHAMPION Thomas,Cofidis,18
Stage 13 | Le Châble - Crans-Montana,19/05,(74.6k),28,VACEK Karel,Team Corratec - Selle Italia,18
Stage 13 | Le Châble - Crans-Montana,19/05,(74.6k),29,PINOT Thibaut,Groupama - FDJ,17
Stage 13 | Le Châble - Crans-Montana,19/05,(74.6k),30,CONSONNI Simone,Cofidis,16
Stage 13 | Le Châble - Crans-Montana,19/05,(74.6k),31,RUBIO Einer Augusto,Movistar Team,15
Stage 13 | Le Châble - Crans-Montana,19/05,(74.6k),32,BARGUIL Warren,Team Arkéa Samsic,14
Stage 13 | Le Châble - Crans-Montana,19/05,(74.6k),33,DALLA VALLE Nicolas,Team Corratec - Selle Italia,14
Stage 13 | Le Châble - Crans-Montana,19/05,(74.6k),34,BAIS Mattia,EOLO-Kometa,13
Stage 13 | Le Châble - Crans-Montana,19/05,(74.6k),35,QUARTERMAN Charlie,Team Corratec - Selle Italia,12
Stage 13 | Le Châble - Crans-Montana,19/05,(74.6k),36,ZANA Filippo,Team Jayco AlUla,12
Stage 13 | Le Châble - Crans-Montana,19/05,(74.6k),37,BERWICK Sebastian,Israel - Premier Tech,12
Stage 13 | Le Châble - Crans-Montana,19/05,(74.6k),38,PARET-PEINTRE Valentin,AG2R Citroën Team,11
Stage 13 | Le Châble - Crans-Montana,19/05,(74.6k),39,TONELLI Alessandro,Green Project-Bardiani CSF-Faizanè,11
Stage 13 | Le Châble - Crans-Montana,19/05,(74.6k),40,BALLERINI Davide,Soudal - Quick Step,11
Stage 13 | Le Châble - Crans-Montana,19/05,(74.6k),41,GHEBREIGZABHIER Amanuel,Trek - Segafredo,10
Stage 13 | Le Châble - Crans-Montana,19/05,(74.6k),42,GAVIRIA Fernando,Movistar Team,10
Stage 13 | Le Châble - Crans-Montana,19/05,(74.6k),43,CEPEDA Jefferson Alexander,EF Education-EasyPost,9
Stage 13 | Le Châble - Crans-Montana,19/05,(74.6k),44,FRIGO Marco,Israel - Premier Tech,8
Stage 13 | Le Châble - Crans-Montana,19/05,(74.6k),45,GAVAZZI Francesco,EOLO-Kometa,8
Stage 13 | Le Châble - Crans-Montana,19/05,(74.6k),46,REX Laurenz,Intermarché - Circus - Wanty,8
Stage 13 | Le Châble - Crans-Montana,19/05,(74.6k),47,DUNBAR Eddie,Team Jayco AlUla,7
Stage 13 | Le Châble - Crans-Montana,19/05,(74.6k),48,ARMIRAIL Bruno,Groupama - FDJ,7
Stage 13 | Le Châble - Crans-Montana,19/05,(74.6k),49,ROTA Lorenzo,Intermarché - Circus - Wanty,7
Stage 13 | Le Châble - Crans-Montana,19/05,(74.6k),50,SCARONI Christian,Astana Qazaqstan Team,7
Stage 13 | Le Châble - Crans-Montana,19/05,(74.6k),51,STEWART Jake,Groupama - FDJ,7
Stage 13 | Le Châble - Crans-Montana,19/05,(74.6k),52,CLARKE Simon,Israel - Premier Tech,6
Stage 13 | Le Châble - Crans-Montana,19/05,(74.6k),53,SÜTTERLIN Jasha,Bahrain - Victorious,6
Stage 13 | Le Châble - Crans-Montana,19/05,(74.6k),54,SEVILLA Diego Pablo,EOLO-Kometa,6
Stage 13 | Le Châble - Crans-Montana,19/05,(74.6k),55,KANTER Max,Movistar Team,6
Stage 13 | Le Châble - Crans-Montana,19/05,(74.6k),56,CARTHY Hugh,EF Education-EasyPost,5
Stage 13 | Le Châble - Crans-Montana,19/05,(74.6k),57,VAN WILDER Ilan,Soudal - Quick Step,5
Stage 13 | Le Châble - Crans-Montana,19/05,(74.6k),58,DELETTRE Alexandre,Cofidis,5
Stage 13 | Le Châble - Crans-Montana,19/05,(74.6k),59,MAGLI Filippo,Green Project-Bardiani CSF-Faizanè,5
Stage 13 | Le Châble - Crans-Montana,19/05,(74.6k),60,MULUBRHAN Henok,Green Project-Bardiani CSF-Faizanè,5
Stage 13 | Le Châble - Crans-Montana,19/05,(74.6k),61,CARUSO Damiano,Bahrain - Victorious,4
Stage 13 | Le Châble - Crans-Montana,19/05,(74.6k),62,ARENSMAN Thymen,INEOS Grenadiers,4
Stage 13 | Le Châble - Crans-Montana,19/05,(74.6k),63,VELASCO Simone,Astana Qazaqstan Team,4
Stage 13 | Le Châble - Crans-Montana,19/05,(74.6k),64,BOUWMAN Koen,Jumbo-Visma,4
Stage 13 | Le Châble - Crans-Montana,19/05,(74.6k),65,VINE Jay,UAE Team Emirates,4
Stage 13 | Le Châble - Crans-Montana,19/05,(74.6k),66,BETTIOL Alberto,EF Education-EasyPost,4
Stage 13 | Le Châble - Crans-Montana,19/05,(74.6k),67,MOLLEMA Bauke,Trek - Segafredo,4
Stage 13 | Le Châble - Crans-Montana,19/05,(74.6k),68,MCNULTY Brandon,UAE Team Emirates,3
Stage 13 | Le Châble - Crans-Montana,19/05,(74.6k),69,VERRE Alessandro,Team Arkéa Samsic,3
Stage 13 | Le Châble - Crans-Montana,19/05,(74.6k),70,KÄMNA Lennard,BORA - hansgrohe,2
Stage 13 | Le Châble - Crans-Montana,19/05,(74.6k),71,HESSMANN Michel,Jumbo-Visma,2
Stage 13 | Le Châble - Crans-Montana,19/05,(74.6k),72,GIBBONS Ryan,UAE Team Emirates,2
Stage 13 | Le Châble - Crans-Montana,19/05,(74.6k),73,MARCELLUSI Martin,Green Project-Bardiani CSF-Faizanè,2
Stage 13 | Le Châble - Crans-Montana,19/05,(74.6k),74,LIENHARD Fabian,Groupama - FDJ,2
Stage 13 | Le Châble - Crans-Montana,19/05,(74.6k),75,STEWART Campbell,Team Jayco AlUla,2
Stage 13 | Le Châble - Crans-Montana,19/05,(74.6k),76,LASTRA Jonathan,Cofidis,1
Stage 13 | Le Châble - Crans-Montana,19/05,(74.6k),77,PÖSTLBERGER Lukas,Team Jayco AlUla,1
Stage 13 | Le Châble - Crans-Montana,19/05,(74.6k),78,BAUDIN Alex,AG2R Citroën Team,1
Stage 13 | Le Châble - Crans-Montana,19/05,(74.6k),79,KIRSCH Alex,Trek - Segafredo,1
Stage 13 | Le Châble - Crans-Montana,19/05,(74.6k),80,HEPBURN Michael,Team Jayco AlUla,1
Stage 13 | Le Châble - Crans-Montana,19/05,(74.6k),-,PRONSKIY Vadim,Astana Qazaqstan Team,-3
Stage 13 | Le Châble - Crans-Montana,19/05,(74.6k),-,DAINESE Alberto,Team DSM,-13
Stage 14 | Sierre - Cassano Magnago,20/05,(194k),1,BAIS Davide,EOLO-Kometa,144
Stage 14 | Sierre - Cassano Magnago,20/05,(194k),2,PINOT Thibaut,Groupama - FDJ,114
Stage 14 | Sierre - Cassano Magnago,20/05,(194k),3,RUBIO Einer Augusto,Movistar Team,68
Stage 14 | Sierre - Cassano Magnago,20/05,(194k),4,SKUJIŅŠ Toms,Trek - Segafredo,42
Stage 14 | Sierre - Cassano Magnago,20/05,(194k),5,VACEK Karel,Team Corratec - Selle Italia,36
Stage 14 | Sierre - Cassano Magnago,20/05,(194k),6,GEE Derek,Israel - Premier Tech,31
Stage 14 | Sierre - Cassano Magnago,20/05,(194k),7,GHEBREIGZABHIER Amanuel,Trek - Segafredo,30
Stage 14 | Sierre - Cassano Magnago,20/05,(194k),8,CEPEDA Jefferson Alexander,EF Education-EasyPost,25
Stage 14 | Sierre - Cassano Magnago,20/05,(194k),9,HEALY Ben,EF Education-EasyPost,24
Stage 14 | Sierre - Cassano Magnago,20/05,(194k),10,PARET-PEINTRE Aurélien,AG2R Citroën Team,22
Stage 14 | Sierre - Cassano Magnago,20/05,(194k),11,DE MARCHI Alessandro,Team Jayco AlUla,22
Stage 14 | Sierre - Cassano Magnago,20/05,(194k),12,STOJNIĆ Veljko,Team Corratec - Selle Italia,21
Stage 14 | Sierre - Cassano Magnago,20/05,(194k),13,ARMIRAIL Bruno,Groupama - FDJ,21
Stage 14 | Sierre - Cassano Magnago,20/05,(194k),14,GAVAZZI Francesco,EOLO-Kometa,18
Stage 14 | Sierre - Cassano Magnago,20/05,(194k),15,BARGUIL Warren,Team Arkéa Samsic,16
Stage 14 | Sierre - Cassano Magnago,20/05,(194k),16,DENZ Nico,BORA - hansgrohe,15
Stage 14 | Sierre - Cassano Magnago,20/05,(194k),17,BUITRAGO Santiago,Bahrain - Victorious,12
Stage 14 | Sierre - Cassano Magnago,20/05,(194k),18,PARET-PEINTRE Valentin,AG2R Citroën Team,12
Stage 14 | Sierre - Cassano Magnago,20/05,(194k),19,CHAMPION Thomas,Cofidis,12
Stage 14 | Sierre - Cassano Magnago,20/05,(194k),20,CLARKE Simon,Israel - Premier Tech,12
Stage 14 | Sierre - Cassano Magnago,20/05,(194k),21,LEKNESSUND Andreas,Team DSM,10
Stage 14 | Sierre - Cassano Magnago,20/05,(194k),22,MAYRHOFER Marius,Team DSM,10
Stage 14 | Sierre - Cassano Magnago,20/05,(194k),23,CORT Magnus,EF Education-EasyPost,10
Stage 14 | Sierre - Cassano Magnago,20/05,(194k),24,ZANA Filippo,Team Jayco AlUla,9
Stage 14 | Sierre - Cassano Magnago,20/05,(194k),25,BERWICK Sebastian,Israel - Premier Tech,8
Stage 14 | Sierre - Cassano Magnago,20/05,(194k),26,ALBANESE Vincenzo,EOLO-Kometa,8
Stage 14 | Sierre - Cassano Magnago,20/05,(194k),27,ROGLIČ Primož,Jumbo-Visma,6
Stage 14 | Sierre - Cassano Magnago,20/05,(194k),28,BAIS Mattia,EOLO-Kometa,6
Stage 14 | Sierre - Cassano Magnago,20/05,(194k),29,MAESTRI Mirco,EOLO-Kometa,6
Stage 14 | Sierre - Cassano Magnago,20/05,(194k),30,SEVILLA Diego Pablo,EOLO-Kometa,6
Stage 14 | Sierre - Cassano Magnago,20/05,(194k),31,MAGLI Filippo,Green Project-Bardiani CSF-Faizanè,6
Stage 14 | Sierre - Cassano Magnago,20/05,(194k),32,ALMEIDA João,UAE Team Emirates,5
Stage 14 | Sierre - Cassano Magnago,20/05,(194k),33,VERONA Carlos,Movistar Team,5
Stage 14 | Sierre - Cassano Magnago,20/05,(194k),34,QUARTERMAN Charlie,Team Corratec - Selle Italia,5
Stage 14 | Sierre - Cassano Magnago,20/05,(194k),35,CARTHY Hugh,EF Education-EasyPost,4
Stage 14 | Sierre - Cassano Magnago,20/05,(194k),36,KUSS Sepp,Jumbo-Visma,4
Stage 14 | Sierre - Cassano Magnago,20/05,(194k),37,TONELLI Alessandro,Green Project-Bardiani CSF-Faizanè,4
Stage 14 | Sierre - Cassano Magnago,20/05,(194k),38,FRIGO Marco,Israel - Premier Tech,4
Stage 14 | Sierre - Cassano Magnago,20/05,(194k),39,RICCITELLO Matthew,Israel - Premier Tech,4
Stage 14 | Sierre - Cassano Magnago,20/05,(194k),40,DELETTRE Alexandre,Cofidis,4
Stage 14 | Sierre - Cassano Magnago,20/05,(194k),41,MULUBRHAN Henok,Green Project-Bardiani CSF-Faizanè,4
Stage 14 | Sierre - Cassano Magnago,20/05,(194k),42,DE PLUS Laurens,INEOS Grenadiers,3
Stage 14 | Sierre - Cassano Magnago,20/05,(194k),43,FORMOLO Davide,UAE Team Emirates,3
Stage 14 | Sierre - Cassano Magnago,20/05,(194k),44,THOMAS Geraint,INEOS Grenadiers,2
Stage 14 | Sierre - Cassano Magnago,20/05,(194k),45,DUNBAR Eddie,Team Jayco AlUla,2
Stage 14 | Sierre - Cassano Magnago,20/05,(194k),46,SIVAKOV Pavel,INEOS Grenadiers,2
Stage 14 | Sierre - Cassano Magnago,20/05,(194k),47,REX Laurenz,Intermarché - Circus - Wanty,2
Stage 14 | Sierre - Cassano Magnago,20/05,(194k),48,WARBASSE Larry,AG2R Citroën Team,1
Stage 14 | Sierre - Cassano Magnago,20/05,(194k),-,GAVIRIA Fernando,Movistar Team,-2
Stage 14 | Sierre - Cassano Magnago,20/05,(194k),-,PRONSKIY Vadim,Astana Qazaqstan Team,-8
Stage 15 | Seregno - Bergamo,21/05,(195k),1,BAIS Davide,EOLO-Kometa,144
Stage 15 | Seregno - Bergamo,21/05,(195k),2,RUBIO Einer Augusto,Movistar Team,116
Stage 15 | Seregno - Bergamo,21/05,(195k),3,PINOT Thibaut,Groupama - FDJ,114
Stage 15 | Seregno - Bergamo,21/05,(195k),4,HEALY Ben,EF Education-EasyPost,108
Stage 15 | Seregno - Bergamo,21/05,(195k),5,SKUJIŅŠ Toms,Trek - Segafredo,42
Stage 15 | Seregno - Bergamo,21/05,(195k),6,VACEK Karel,Team Corratec - Selle Italia,36
Stage 15 | Seregno - Bergamo,21/05,(195k),7,GEE Derek,Israel - Premier Tech,31
Stage 15 | Seregno - Bergamo,21/05,(195k),8,GHEBREIGZABHIER Amanuel,Trek - Segafredo,30
Stage 15 | Seregno - Bergamo,21/05,(195k),9,CEPEDA Jefferson Alexander,EF Education-EasyPost,25
Stage 15 | Seregno - Bergamo,21/05,(195k),10,PARET-PEINTRE Aurélien,AG2R Citroën Team,22
Stage 15 | Seregno - Bergamo,21/05,(195k),11,GAVAZZI Francesco,EOLO-Kometa,22
Stage 15 | Seregno - Bergamo,21/05,(195k),12,DE MARCHI Alessandro,Team Jayco AlUla,22
Stage 15 | Seregno - Bergamo,21/05,(195k),13,STOJNIĆ Veljko,Team Corratec - Selle Italia,21
Stage 15 | Seregno - Bergamo,21/05,(195k),14,ARMIRAIL Bruno,Groupama - FDJ,21
Stage 15 | Seregno - Bergamo,21/05,(195k),15,MCNULTY Brandon,UAE Team Emirates,21
Stage 15 | Seregno - Bergamo,21/05,(195k),16,BERWICK Sebastian,Israel - Premier Tech,21
Stage 15 | Seregno - Bergamo,21/05,(195k),17,FRIGO Marco,Israel - Premier Tech,18
Stage 15 | Seregno - Bergamo,21/05,(195k),18,BARGUIL Warren,Team Arkéa Samsic,16
Stage 15 | Seregno - Bergamo,21/05,(195k),19,DENZ Nico,BORA - hansgrohe,15
Stage 15 | Seregno - Bergamo,21/05,(195k),20,BUITRAGO Santiago,Bahrain - Victorious,12
Stage 15 | Seregno - Bergamo,21/05,(195k),21,PARET-PEINTRE Valentin,AG2R Citroën Team,12
Stage 15 | Seregno - Bergamo,21/05,(195k),22,CHAMPION Thomas,Cofidis,12
Stage 15 | Seregno - Bergamo,21/05,(195k),23,CLARKE Simon,Israel - Premier Tech,12
Stage 15 | Seregno - Bergamo,21/05,(195k),24,LEKNESSUND Andreas,Team DSM,10
Stage 15 | Seregno - Bergamo,21/05,(195k),25,MAYRHOFER Marius,Team DSM,10
Stage 15 | Seregno - Bergamo,21/05,(195k),26,CORT Magnus,EF Education-EasyPost,10
Stage 15 | Seregno - Bergamo,21/05,(195k),27,ROJAS José Joaquín,Movistar Team,10
Stage 15 | Seregno - Bergamo,21/05,(195k),28,ZANA Filippo,Team Jayco AlUla,9
Stage 15 | Seregno - Bergamo,21/05,(195k),29,ALBANESE Vincenzo,EOLO-Kometa,8
Stage 15 | Seregno - Bergamo,21/05,(195k),30,BONIFAZIO Niccolò,Intermarché - Circus - Wanty,7
Stage 15 | Seregno - Bergamo,21/05,(195k),31,ROGLIČ Primož,Jumbo-Visma,6
Stage 15 | Seregno - Bergamo,21/05,(195k),32,BAIS Mattia,EOLO-Kometa,6
Stage 15 | Seregno - Bergamo,21/05,(195k),33,MAESTRI Mirco,EOLO-Kometa,6
Stage 15 | Seregno - Bergamo,21/05,(195k),34,SEVILLA Diego Pablo,EOLO-Kometa,6
Stage 15 | Seregno - Bergamo,21/05,(195k),35,MAGLI Filippo,Green Project-Bardiani CSF-Faizanè,6
Stage 15 | Seregno - Bergamo,21/05,(195k),36,ALMEIDA João,UAE Team Emirates,5
Stage 15 | Seregno - Bergamo,21/05,(195k),37,VERONA Carlos,Movistar Team,5
Stage 15 | Seregno - Bergamo,21/05,(195k),38,QUARTERMAN Charlie,Team Corratec - Selle Italia,5
Stage 15 | Seregno - Bergamo,21/05,(195k),39,CARTHY Hugh,EF Education-EasyPost,4
Stage 15 | Seregno - Bergamo,21/05,(195k),40,KUSS Sepp,Jumbo-Visma,4
Stage 15 | Seregno - Bergamo,21/05,(195k),41,TONELLI Alessandro,Green Project-Bardiani CSF-Faizanè,4
Stage 15 | Seregno - Bergamo,21/05,(195k),42,MOLLEMA Bauke,Trek - Segafredo,4
Stage 15 | Seregno - Bergamo,21/05,(195k),43,RICCITELLO Matthew,Israel - Premier Tech,4
Stage 15 | Seregno - Bergamo,21/05,(195k),44,MULUBRHAN Henok,Green Project-Bardiani CSF-Faizanè,4
Stage 15 | Seregno - Bergamo,21/05,(195k),45,DELETTRE Alexandre,Cofidis,4
Stage 15 | Seregno - Bergamo,21/05,(195k),46,DE PLUS Laurens,INEOS Grenadiers,3
Stage 15 | Seregno - Bergamo,21/05,(195k),47,FORMOLO Davide,UAE Team Emirates,3
Stage 15 | Seregno - Bergamo,21/05,(195k),48,THOMAS Geraint,INEOS Grenadiers,2
Stage 15 | Seregno - Bergamo,21/05,(195k),49,DUNBAR Eddie,Team Jayco AlUla,2
Stage 15 | Seregno - Bergamo,21/05,(195k),50,SIVAKOV Pavel,INEOS Grenadiers,2
Stage 15 | Seregno - Bergamo,21/05,(195k),51,REX Laurenz,Intermarché - Circus - Wanty,2
Stage 15 | Seregno - Bergamo,21/05,(195k),52,BALLERINI Davide,Soudal - Quick Step,2
Stage 15 | Seregno - Bergamo,21/05,(195k),53,VELASCO Simone,Astana Qazaqstan Team,1
Stage 15 | Seregno - Bergamo,21/05,(195k),54,HUYS Laurens,Intermarché - Circus - Wanty,1
Stage 15 | Seregno - Bergamo,21/05,(195k),55,WARBASSE Larry,AG2R Citroën Team,1
Stage 15 | Seregno - Bergamo,21/05,(195k),-,GAVIRIA Fernando,Movistar Team,-2
Stage 15 | Seregno - Bergamo,21/05,(195k),-,PRONSKIY Vadim,Astana Qazaqstan Team,-8
Stage 16 | Sabbio Chiese - Monte Bondone,23/05,(203k),1,HEALY Ben,EF Education-EasyPost,164
Stage 16 | Sabbio Chiese - Monte Bondone,23/05,(203k),2,BAIS Davide,EOLO-Kometa,144
Stage 16 | Sabbio Chiese - Monte Bondone,23/05,(203k),3,RUBIO Einer Augusto,Movistar Team,117
Stage 16 | Sabbio Chiese - Monte Bondone,23/05,(203k),4,PINOT Thibaut,Groupama - FDJ,114
Stage 16 | Sabbio Chiese - Monte Bondone,23/05,(203k),5,ALMEIDA João,UAE Team Emirates,55
Stage 16 | Sabbio Chiese - Monte Bondone,23/05,(203k),6,SKUJIŅŠ Toms,Trek - Segafredo,48
Stage 16 | Sabbio Chiese - Monte Bondone,23/05,(203k),7,VACEK Karel,Team Corratec - Selle Italia,36
Stage 16 | Sabbio Chiese - Monte Bondone,23/05,(203k),8,GABBURO Davide,Green Project-Bardiani CSF-Faizanè,33
Stage 16 | Sabbio Chiese - Monte Bondone,23/05,(203k),9,GEE Derek,Israel - Premier Tech,31
Stage 16 | Sabbio Chiese - Monte Bondone,23/05,(203k),10,PARET-PEINTRE Aurélien,AG2R Citroën Team,26
Stage 16 | Sabbio Chiese - Monte Bondone,23/05,(203k),11,THOMAS Geraint,INEOS Grenadiers,26
Stage 16 | Sabbio Chiese - Monte Bondone,23/05,(203k),12,CEPEDA Jefferson Alexander,EF Education-EasyPost,25
Stage 16 | Sabbio Chiese - Monte Bondone,23/05,(203k),13,VERONA Carlos,Movistar Team,23
Stage 16 | Sabbio Chiese - Monte Bondone,23/05,(203k),14,GAVAZZI Francesco,EOLO-Kometa,22
Stage 16 | Sabbio Chiese - Monte Bondone,23/05,(203k),15,DE MARCHI Alessandro,Team Jayco AlUla,22
Stage 16 | Sabbio Chiese - Monte Bondone,23/05,(203k),16,ROGLIČ Primož,Jumbo-Visma,22
Stage 16 | Sabbio Chiese - Monte Bondone,23/05,(203k),17,STOJNIĆ Veljko,Team Corratec - Selle Italia,21
Stage 16 | Sabbio Chiese - Monte Bondone,23/05,(203k),18,ARMIRAIL Bruno,Groupama - FDJ,21
Stage 16 | Sabbio Chiese - Monte Bondone,23/05,(203k),19,MCNULTY Brandon,UAE Team Emirates,21
Stage 16 | Sabbio Chiese - Monte Bondone,23/05,(203k),20,BERWICK Sebastian,Israel - Premier Tech,21
Stage 16 | Sabbio Chiese - Monte Bondone,23/05,(203k),21,PARET-PEINTRE Valentin,AG2R Citroën Team,19
Stage 16 | Sabbio Chiese - Monte Bondone,23/05,(203k),22,FRIGO Marco,Israel - Premier Tech,18
Stage 16 | Sabbio Chiese - Monte Bondone,23/05,(203k),23,BARGUIL Warren,Team Arkéa Samsic,16
Stage 16 | Sabbio Chiese - Monte Bondone,23/05,(203k),24,MARCELLUSI Martin,Green Project-Bardiani CSF-Faizanè,16
Stage 16 | Sabbio Chiese - Monte Bondone,23/05,(203k),25,DENZ Nico,BORA - hansgrohe,15
Stage 16 | Sabbio Chiese - Monte Bondone,23/05,(203k),26,BUITRAGO Santiago,Bahrain - Victorious,12
Stage 16 | Sabbio Chiese - Monte Bondone,23/05,(203k),27,CHAMPION Thomas,Cofidis,12
Stage 16 | Sabbio Chiese - Monte Bondone,23/05,(203k),28,DUNBAR Eddie,Team Jayco AlUla,11
Stage 16 | Sabbio Chiese - Monte Bondone,23/05,(203k),29,PRONSKIY Vadim,Astana Qazaqstan Team,10
Stage 16 | Sabbio Chiese - Monte Bondone,23/05,(203k),30,LEKNESSUND Andreas,Team DSM,10
Stage 16 | Sabbio Chiese - Monte Bondone,23/05,(203k),31,KUSS Sepp,Jumbo-Visma,10
Stage 16 | Sabbio Chiese - Monte Bondone,23/05,(203k),32,ZANA Filippo,Team Jayco AlUla,10
Stage 16 | Sabbio Chiese - Monte Bondone,23/05,(203k),33,MAYRHOFER Marius,Team DSM,10
Stage 16 | Sabbio Chiese - Monte Bondone,23/05,(203k),34,CORT Magnus,EF Education-EasyPost,10
Stage 16 | Sabbio Chiese - Monte Bondone,23/05,(203k),35,ROJAS José Joaquín,Movistar Team,10
Stage 16 | Sabbio Chiese - Monte Bondone,23/05,(203k),36,DALLA VALLE Nicolas,Team Corratec - Selle Italia,9
Stage 16 | Sabbio Chiese - Monte Bondone,23/05,(203k),37,SCARONI Christian,Astana Qazaqstan Team,8
Stage 16 | Sabbio Chiese - Monte Bondone,23/05,(203k),38,ALBANESE Vincenzo,EOLO-Kometa,8
Stage 16 | Sabbio Chiese - Monte Bondone,23/05,(203k),39,BONIFAZIO Niccolò,Intermarché - Circus - Wanty,7
Stage 16 | Sabbio Chiese - Monte Bondone,23/05,(203k),40,BAIS Mattia,EOLO-Kometa,6
Stage 16 | Sabbio Chiese - Monte Bondone,23/05,(203k),41,MAESTRI Mirco,EOLO-Kometa,6
Stage 16 | Sabbio Chiese - Monte Bondone,23/05,(203k),42,SEVILLA Diego Pablo,EOLO-Kometa,6
Stage 16 | Sabbio Chiese - Monte Bondone,23/05,(203k),43,MAGLI Filippo,Green Project-Bardiani CSF-Faizanè,6
Stage 16 | Sabbio Chiese - Monte Bondone,23/05,(203k),44,QUARTERMAN Charlie,Team Corratec - Selle Italia,5
Stage 16 | Sabbio Chiese - Monte Bondone,23/05,(203k),45,CARTHY Hugh,EF Education-EasyPost,4
Stage 16 | Sabbio Chiese - Monte Bondone,23/05,(203k),46,VAN WILDER Ilan,Soudal - Quick Step,4
Stage 16 | Sabbio Chiese - Monte Bondone,23/05,(203k),47,KONRAD Patrick,BORA - hansgrohe,4
Stage 16 | Sabbio Chiese - Monte Bondone,23/05,(203k),48,TONELLI Alessandro,Green Project-Bardiani CSF-Faizanè,4
Stage 16 | Sabbio Chiese - Monte Bondone,23/05,(203k),49,MOLLEMA Bauke,Trek - Segafredo,4
Stage 16 | Sabbio Chiese - Monte Bondone,23/05,(203k),50,RICCITELLO Matthew,Israel - Premier Tech,4
Stage 16 | Sabbio Chiese - Monte Bondone,23/05,(203k),51,MULUBRHAN Henok,Green Project-Bardiani CSF-Faizanè,4
Stage 16 | Sabbio Chiese - Monte Bondone,23/05,(203k),52,DELETTRE Alexandre,Cofidis,4
Stage 16 | Sabbio Chiese - Monte Bondone,23/05,(203k),53,BENEDETTI Cesare,BORA - hansgrohe,4
Stage 16 | Sabbio Chiese - Monte Bondone,23/05,(203k),54,DE PLUS Laurens,INEOS Grenadiers,3
Stage 16 | Sabbio Chiese - Monte Bondone,23/05,(203k),55,FORMOLO Davide,UAE Team Emirates,3
Stage 16 | Sabbio Chiese - Monte Bondone,23/05,(203k),56,CARUSO Damiano,Bahrain - Victorious,2
Stage 16 | Sabbio Chiese - Monte Bondone,23/05,(203k),57,REX Laurenz,Intermarché - Circus - Wanty,2
Stage 16 | Sabbio Chiese - Monte Bondone,23/05,(203k),58,HAIG Jack,Bahrain - Victorious,1
Stage 16 | Sabbio Chiese - Monte Bondone,23/05,(203k),59,VELASCO Simone,Astana Qazaqstan Team,1
Stage 16 | Sabbio Chiese - Monte Bondone,23/05,(203k),60,HUYS Laurens,Intermarché - Circus - Wanty,1
Stage 16 | Sabbio Chiese - Monte Bondone,23/05,(203k),61,WARBASSE Larry,AG2R Citroën Team,1
Stage 16 | Sabbio Chiese - Monte Bondone,23/05,(203k),62,PUCCIO Salvatore,INEOS Grenadiers,1
Stage 16 | Sabbio Chiese - Monte Bondone,23/05,(203k),-,GAVIRIA Fernando,Movistar Team,-2
Stage 16 | Sabbio Chiese - Monte Bondone,23/05,(203k),-,FORTUNATO Lorenzo,EOLO-Kometa,-10
Stage 17 | Pergine Valsugana - Caorle,24/05,(197k),1,HEALY Ben,EF Education-EasyPost,164
Stage 17 | Pergine Valsugana - Caorle,24/05,(197k),2,BAIS Davide,EOLO-Kometa,144
Stage 17 | Pergine Valsugana - Caorle,24/05,(197k),3,RUBIO Einer Augusto,Movistar Team,117
Stage 17 | Pergine Valsugana - Caorle,24/05,(197k),4,PINOT Thibaut,Groupama - FDJ,114
Stage 17 | Pergine Valsugana - Caorle,24/05,(197k),5,ALMEIDA João,UAE Team Emirates,55
Stage 17 | Pergine Valsugana - Caorle,24/05,(197k),6,SKUJIŅŠ Toms,Trek - Segafredo,48
Stage 17 | Pergine Valsugana - Caorle,24/05,(197k),7,VACEK Karel,Team Corratec - Selle Italia,36
Stage 17 | Pergine Valsugana - Caorle,24/05,(197k),8,GABBURO Davide,Green Project-Bardiani CSF-Faizanè,33
Stage 17 | Pergine Valsugana - Caorle,24/05,(197k),9,GEE Derek,Israel - Premier Tech,31
Stage 17 | Pergine Valsugana - Caorle,24/05,(197k),10,PARET-PEINTRE Aurélien,AG2R Citroën Team,26
Stage 17 | Pergine Valsugana - Caorle,24/05,(197k),11,THOMAS Geraint,INEOS Grenadiers,26
Stage 17 | Pergine Valsugana - Caorle,24/05,(197k),12,CEPEDA Jefferson Alexander,EF Education-EasyPost,25
Stage 17 | Pergine Valsugana - Caorle,24/05,(197k),13,VERONA Carlos,Movistar Team,23
Stage 17 | Pergine Valsugana - Caorle,24/05,(197k),14,GAVAZZI Francesco,EOLO-Kometa,22
Stage 17 | Pergine Valsugana - Caorle,24/05,(197k),15,DE MARCHI Alessandro,Team Jayco AlUla,22
Stage 17 | Pergine Valsugana - Caorle,24/05,(197k),16,ROGLIČ Primož,Jumbo-Visma,22
Stage 17 | Pergine Valsugana - Caorle,24/05,(197k),17,STOJNIĆ Veljko,Team Corratec - Selle Italia,21
Stage 17 | Pergine Valsugana - Caorle,24/05,(197k),18,ARMIRAIL Bruno,Groupama - FDJ,21
Stage 17 | Pergine Valsugana - Caorle,24/05,(197k),19,MCNULTY Brandon,UAE Team Emirates,21
Stage 17 | Pergine Valsugana - Caorle,24/05,(197k),20,BERWICK Sebastian,Israel - Premier Tech,21
Stage 17 | Pergine Valsugana - Caorle,24/05,(197k),21,PARET-PEINTRE Valentin,AG2R Citroën Team,19
Stage 17 | Pergine Valsugana - Caorle,24/05,(197k),22,FRIGO Marco,Israel - Premier Tech,18
Stage 17 | Pergine Valsugana - Caorle,24/05,(197k),23,BARGUIL Warren,Team Arkéa Samsic,16
Stage 17 | Pergine Valsugana - Caorle,24/05,(197k),24,MARCELLUSI Martin,Green Project-Bardiani CSF-Faizanè,16
Stage 17 | Pergine Valsugana - Caorle,24/05,(197k),25,DENZ Nico,BORA - hansgrohe,15
Stage 17 | Pergine Valsugana - Caorle,24/05,(197k),26,BUITRAGO Santiago,Bahrain - Victorious,12
Stage 17 | Pergine Valsugana - Caorle,24/05,(197k),27,CHAMPION Thomas,Cofidis,12
Stage 17 | Pergine Valsugana - Caorle,24/05,(197k),28,DUNBAR Eddie,Team Jayco AlUla,11
Stage 17 | Pergine Valsugana - Caorle,24/05,(197k),29,PRONSKIY Vadim,Astana Qazaqstan Team,10
Stage 17 | Pergine Valsugana - Caorle,24/05,(197k),30,LEKNESSUND Andreas,Team DSM,10
Stage 17 | Pergine Valsugana - Caorle,24/05,(197k),31,KUSS Sepp,Jumbo-Visma,10
Stage 17 | Pergine Valsugana - Caorle,24/05,(197k),32,ZANA Filippo,Team Jayco AlUla,10
Stage 17 | Pergine Valsugana - Caorle,24/05,(197k),33,MAYRHOFER Marius,Team DSM,10
Stage 17 | Pergine Valsugana - Caorle,24/05,(197k),34,CORT Magnus,EF Education-EasyPost,10
Stage 17 | Pergine Valsugana - Caorle,24/05,(197k),35,ROJAS José Joaquín,Movistar Team,10
Stage 17 | Pergine Valsugana - Caorle,24/05,(197k),36,DALLA VALLE Nicolas,Team Corratec - Selle Italia,9
Stage 17 | Pergine Valsugana - Caorle,24/05,(197k),37,SCARONI Christian,Astana Qazaqstan Team,8
Stage 17 | Pergine Valsugana - Caorle,24/05,(197k),38,ALBANESE Vincenzo,EOLO-Kometa,8
Stage 17 | Pergine Valsugana - Caorle,24/05,(197k),39,BONIFAZIO Niccolò,Intermarché - Circus - Wanty,7
Stage 17 | Pergine Valsugana - Caorle,24/05,(197k),40,BAIS Mattia,EOLO-Kometa,6
Stage 17 | Pergine Valsugana - Caorle,24/05,(197k),41,MAESTRI Mirco,EOLO-Kometa,6
Stage 17 | Pergine Valsugana - Caorle,24/05,(197k),42,SEVILLA Diego Pablo,EOLO-Kometa,6
Stage 17 | Pergine Valsugana - Caorle,24/05,(197k),43,MAGLI Filippo,Green Project-Bardiani CSF-Faizanè,6
Stage 17 | Pergine Valsugana - Caorle,24/05,(197k),44,QUARTERMAN Charlie,Team Corratec - Selle Italia,5
Stage 17 | Pergine Valsugana - Caorle,24/05,(197k),45,CARTHY Hugh,EF Education-EasyPost,4
Stage 17 | Pergine Valsugana - Caorle,24/05,(197k),46,VAN WILDER Ilan,Soudal - Quick Step,4
Stage 17 | Pergine Valsugana - Caorle,24/05,(197k),47,KONRAD Patrick,BORA - hansgrohe,4
Stage 17 | Pergine Valsugana - Caorle,24/05,(197k),48,TONELLI Alessandro,Green Project-Bardiani CSF-Faizanè,4
Stage 17 | Pergine Valsugana - Caorle,24/05,(197k),49,MOLLEMA Bauke,Trek - Segafredo,4
Stage 17 | Pergine Valsugana - Caorle,24/05,(197k),50,RICCITELLO Matthew,Israel - Premier Tech,4
Stage 17 | Pergine Valsugana - Caorle,24/05,(197k),51,MULUBRHAN Henok,Green Project-Bardiani CSF-Faizanè,4
Stage 17 | Pergine Valsugana - Caorle,24/05,(197k),52,DELETTRE Alexandre,Cofidis,4
Stage 17 | Pergine Valsugana - Caorle,24/05,(197k),53,BENEDETTI Cesare,BORA - hansgrohe,4
Stage 17 | Pergine Valsugana - Caorle,24/05,(197k),54,DE PLUS Laurens,INEOS Grenadiers,3
Stage 17 | Pergine Valsugana - Caorle,24/05,(197k),55,FORMOLO Davide,UAE Team Emirates,3
Stage 17 | Pergine Valsugana - Caorle,24/05,(197k),56,CARUSO Damiano,Bahrain - Victorious,2
Stage 17 | Pergine Valsugana - Caorle,24/05,(197k),57,REX Laurenz,Intermarché - Circus - Wanty,2
Stage 17 | Pergine Valsugana - Caorle,24/05,(197k),58,HAIG Jack,Bahrain - Victorious,1
Stage 17 | Pergine Valsugana - Caorle,24/05,(197k),59,VELASCO Simone,Astana Qazaqstan Team,1
Stage 17 | Pergine Valsugana - Caorle,24/05,(197k),60,HUYS Laurens,Intermarché - Circus - Wanty,1
Stage 17 | Pergine Valsugana - Caorle,24/05,(197k),61,WARBASSE Larry,AG2R Citroën Team,1
Stage 17 | Pergine Valsugana - Caorle,24/05,(197k),62,PUCCIO Salvatore,INEOS Grenadiers,1
Stage 17 | Pergine Valsugana - Caorle,24/05,(197k),-,GAVIRIA Fernando,Movistar Team,-2
Stage 17 | Pergine Valsugana - Caorle,24/05,(197k),-,FORTUNATO Lorenzo,EOLO-Kometa,-10
Stage 18 | Oderzo - Val di Zoldo (Palafavera),25/05,(161k),1,PINOT Thibaut,Groupama - FDJ,227
Stage 18 | Oderzo - Val di Zoldo (Palafavera),25/05,(161k),2,HEALY Ben,EF Education-EasyPost,164
Stage 18 | Oderzo - Val di Zoldo (Palafavera),25/05,(161k),3,BAIS Davide,EOLO-Kometa,144
Stage 18 | Oderzo - Val di Zoldo (Palafavera),25/05,(161k),4,RUBIO Einer Augusto,Movistar Team,118
Stage 18 | Oderzo - Val di Zoldo (Palafavera),25/05,(161k),5,GEE Derek,Israel - Premier Tech,66
Stage 18 | Oderzo - Val di Zoldo (Palafavera),25/05,(161k),6,PARET-PEINTRE Aurélien,AG2R Citroën Team,56
Stage 18 | Oderzo - Val di Zoldo (Palafavera),25/05,(161k),7,ALMEIDA João,UAE Team Emirates,55
Stage 18 | Oderzo - Val di Zoldo (Palafavera),25/05,(161k),8,ZANA Filippo,Team Jayco AlUla,54
Stage 18 | Oderzo - Val di Zoldo (Palafavera),25/05,(161k),9,SKUJIŅŠ Toms,Trek - Segafredo,48
Stage 18 | Oderzo - Val di Zoldo (Palafavera),25/05,(161k),10,FRIGO Marco,Israel - Premier Tech,44
Stage 18 | Oderzo - Val di Zoldo (Palafavera),25/05,(161k),11,BARGUIL Warren,Team Arkéa Samsic,42
Stage 18 | Oderzo - Val di Zoldo (Palafavera),25/05,(161k),12,VACEK Karel,Team Corratec - Selle Italia,36
Stage 18 | Oderzo - Val di Zoldo (Palafavera),25/05,(161k),13,GABBURO Davide,Green Project-Bardiani CSF-Faizanè,33
Stage 18 | Oderzo - Val di Zoldo (Palafavera),25/05,(161k),14,THOMAS Geraint,INEOS Grenadiers,26
Stage 18 | Oderzo - Val di Zoldo (Palafavera),25/05,(161k),15,CEPEDA Jefferson Alexander,EF Education-EasyPost,25
Stage 18 | Oderzo - Val di Zoldo (Palafavera),25/05,(161k),16,VERONA Carlos,Movistar Team,23
Stage 18 | Oderzo - Val di Zoldo (Palafavera),25/05,(161k),17,GAVAZZI Francesco,EOLO-Kometa,22
Stage 18 | Oderzo - Val di Zoldo (Palafavera),25/05,(161k),18,DE MARCHI Alessandro,Team Jayco AlUla,22
Stage 18 | Oderzo - Val di Zoldo (Palafavera),25/05,(161k),19,ROGLIČ Primož,Jumbo-Visma,22
Stage 18 | Oderzo - Val di Zoldo (Palafavera),25/05,(161k),20,STOJNIĆ Veljko,Team Corratec - Selle Italia,21
Stage 18 | Oderzo - Val di Zoldo (Palafavera),25/05,(161k),21,ARMIRAIL Bruno,Groupama - FDJ,21
Stage 18 | Oderzo - Val di Zoldo (Palafavera),25/05,(161k),22,MCNULTY Brandon,UAE Team Emirates,21
Stage 18 | Oderzo - Val di Zoldo (Palafavera),25/05,(161k),23,BERWICK Sebastian,Israel - Premier Tech,21
Stage 18 | Oderzo - Val di Zoldo (Palafavera),25/05,(161k),24,PARET-PEINTRE Valentin,AG2R Citroën Team,19
Stage 18 | Oderzo - Val di Zoldo (Palafavera),25/05,(161k),25,PRONSKIY Vadim,Astana Qazaqstan Team,16
Stage 18 | Oderzo - Val di Zoldo (Palafavera),25/05,(161k),26,MARCELLUSI Martin,Green Project-Bardiani CSF-Faizanè,16
Stage 18 | Oderzo - Val di Zoldo (Palafavera),25/05,(161k),27,DENZ Nico,BORA - hansgrohe,15
Stage 18 | Oderzo - Val di Zoldo (Palafavera),25/05,(161k),28,BUITRAGO Santiago,Bahrain - Victorious,12
Stage 18 | Oderzo - Val di Zoldo (Palafavera),25/05,(161k),29,CHAMPION Thomas,Cofidis,12
Stage 18 | Oderzo - Val di Zoldo (Palafavera),25/05,(161k),30,DUNBAR Eddie,Team Jayco AlUla,11
Stage 18 | Oderzo - Val di Zoldo (Palafavera),25/05,(161k),31,LEKNESSUND Andreas,Team DSM,10
Stage 18 | Oderzo - Val di Zoldo (Palafavera),25/05,(161k),32,KUSS Sepp,Jumbo-Visma,10
Stage 18 | Oderzo - Val di Zoldo (Palafavera),25/05,(161k),33,MAYRHOFER Marius,Team DSM,10
Stage 18 | Oderzo - Val di Zoldo (Palafavera),25/05,(161k),34,CORT Magnus,EF Education-EasyPost,10
Stage 18 | Oderzo - Val di Zoldo (Palafavera),25/05,(161k),35,ROJAS José Joaquín,Movistar Team,10
Stage 18 | Oderzo - Val di Zoldo (Palafavera),25/05,(161k),36,DALLA VALLE Nicolas,Team Corratec - Selle Italia,9
Stage 18 | Oderzo - Val di Zoldo (Palafavera),25/05,(161k),37,SCARONI Christian,Astana Qazaqstan Team,8
Stage 18 | Oderzo - Val di Zoldo (Palafavera),25/05,(161k),38,ALBANESE Vincenzo,EOLO-Kometa,8
Stage 18 | Oderzo - Val di Zoldo (Palafavera),25/05,(161k),39,BAIS Mattia,EOLO-Kometa,6
Stage 18 | Oderzo - Val di Zoldo (Palafavera),25/05,(161k),40,MAESTRI Mirco,EOLO-Kometa,6
Stage 18 | Oderzo - Val di Zoldo (Palafavera),25/05,(161k),41,SEVILLA Diego Pablo,EOLO-Kometa,6
Stage 18 | Oderzo - Val di Zoldo (Palafavera),25/05,(161k),42,MAGLI Filippo,Green Project-Bardiani CSF-Faizanè,6
Stage 18 | Oderzo - Val di Zoldo (Palafavera),25/05,(161k),43,QUARTERMAN Charlie,Team Corratec - Selle Italia,5
Stage 18 | Oderzo - Val di Zoldo (Palafavera),25/05,(161k),44,VAN WILDER Ilan,Soudal - Quick Step,4
Stage 18 | Oderzo - Val di Zoldo (Palafavera),25/05,(161k),45,CARTHY Hugh,EF Education-EasyPost,4
Stage 18 | Oderzo - Val di Zoldo (Palafavera),25/05,(161k),46,KONRAD Patrick,BORA - hansgrohe,4
Stage 18 | Oderzo - Val di Zoldo (Palafavera),25/05,(161k),47,TONELLI Alessandro,Green Project-Bardiani CSF-Faizanè,4
Stage 18 | Oderzo - Val di Zoldo (Palafavera),25/05,(161k),48,MOLLEMA Bauke,Trek - Segafredo,4
Stage 18 | Oderzo - Val di Zoldo (Palafavera),25/05,(161k),49,RICCITELLO Matthew,Israel - Premier Tech,4
Stage 18 | Oderzo - Val di Zoldo (Palafavera),25/05,(161k),50,MULUBRHAN Henok,Green Project-Bardiani CSF-Faizanè,4
Stage 18 | Oderzo - Val di Zoldo (Palafavera),25/05,(161k),51,DELETTRE Alexandre,Cofidis,4
Stage 18 | Oderzo - Val di Zoldo (Palafavera),25/05,(161k),52,BENEDETTI Cesare,BORA - hansgrohe,4
Stage 18 | Oderzo - Val di Zoldo (Palafavera),25/05,(161k),53,DE PLUS Laurens,INEOS Grenadiers,3
Stage 18 | Oderzo - Val di Zoldo (Palafavera),25/05,(161k),54,FORMOLO Davide,UAE Team Emirates,3
Stage 18 | Oderzo - Val di Zoldo (Palafavera),25/05,(161k),55,CARUSO Damiano,Bahrain - Victorious,2
Stage 18 | Oderzo - Val di Zoldo (Palafavera),25/05,(161k),56,REX Laurenz,Intermarché - Circus - Wanty,2
Stage 18 | Oderzo - Val di Zoldo (Palafavera),25/05,(161k),57,ARENSMAN Thymen,INEOS Grenadiers,1
Stage 18 | Oderzo - Val di Zoldo (Palafavera),25/05,(161k),58,HAIG Jack,Bahrain - Victorious,1
Stage 18 | Oderzo - Val di Zoldo (Palafavera),25/05,(161k),59,VELASCO Simone,Astana Qazaqstan Team,1
Stage 18 | Oderzo - Val di Zoldo (Palafavera),25/05,(161k),60,HUYS Laurens,Intermarché - Circus - Wanty,1
Stage 18 | Oderzo - Val di Zoldo (Palafavera),25/05,(161k),61,WARBASSE Larry,AG2R Citroën Team,1
Stage 18 | Oderzo - Val di Zoldo (Palafavera),25/05,(161k),62,PUCCIO Salvatore,INEOS Grenadiers,1
Stage 18 | Oderzo - Val di Zoldo (Palafavera),25/05,(161k),-,GAVIRIA Fernando,Movistar Team,-2
Stage 18 | Oderzo - Val di Zoldo (Palafavera),25/05,(161k),-,FORTUNATO Lorenzo,EOLO-Kometa,-10
Stage 19 | Longarone - Tre Cime di Lavaredo,26/05,(183k),1,PINOT Thibaut,Groupama - FDJ,228
Stage 19 | Longarone - Tre Cime di Lavaredo,26/05,(183k),2,GEE Derek,Israel - Premier Tech,200
Stage 19 | Longarone - Tre Cime di Lavaredo,26/05,(183k),3,HEALY Ben,EF Education-EasyPost,164
Stage 19 | Longarone - Tre Cime di Lavaredo,26/05,(183k),4,BAIS Davide,EOLO-Kometa,144
Stage 19 | Longarone - Tre Cime di Lavaredo,26/05,(183k),5,RUBIO Einer Augusto,Movistar Team,118
Stage 19 | Longarone - Tre Cime di Lavaredo,26/05,(183k),6,BUITRAGO Santiago,Bahrain - Victorious,82
Stage 19 | Longarone - Tre Cime di Lavaredo,26/05,(183k),7,GABBURO Davide,Green Project-Bardiani CSF-Faizanè,69
Stage 19 | Longarone - Tre Cime di Lavaredo,26/05,(183k),8,ALMEIDA João,UAE Team Emirates,61
Stage 19 | Longarone - Tre Cime di Lavaredo,26/05,(183k),9,PARET-PEINTRE Aurélien,AG2R Citroën Team,56
Stage 19 | Longarone - Tre Cime di Lavaredo,26/05,(183k),10,ZANA Filippo,Team Jayco AlUla,54
Stage 19 | Longarone - Tre Cime di Lavaredo,26/05,(183k),11,SKUJIŅŠ Toms,Trek - Segafredo,48
Stage 19 | Longarone - Tre Cime di Lavaredo,26/05,(183k),12,FRIGO Marco,Israel - Premier Tech,44
Stage 19 | Longarone - Tre Cime di Lavaredo,26/05,(183k),13,CORT Magnus,EF Education-EasyPost,43
Stage 19 | Longarone - Tre Cime di Lavaredo,26/05,(183k),14,BARGUIL Warren,Team Arkéa Samsic,42
Stage 19 | Longarone - Tre Cime di Lavaredo,26/05,(183k),15,THOMAS Geraint,INEOS Grenadiers,36
Stage 19 | Longarone - Tre Cime di Lavaredo,26/05,(183k),16,ROGLIČ Primož,Jumbo-Visma,36
Stage 19 | Longarone - Tre Cime di Lavaredo,26/05,(183k),17,VACEK Karel,Team Corratec - Selle Italia,36
Stage 19 | Longarone - Tre Cime di Lavaredo,26/05,(183k),18,VERONA Carlos,Movistar Team,32
Stage 19 | Longarone - Tre Cime di Lavaredo,26/05,(183k),19,HEPBURN Michael,Team Jayco AlUla,30
Stage 19 | Longarone - Tre Cime di Lavaredo,26/05,(183k),20,CEPEDA Jefferson Alexander,EF Education-EasyPost,25
Stage 19 | Longarone - Tre Cime di Lavaredo,26/05,(183k),21,BAIS Mattia,EOLO-Kometa,23
Stage 19 | Longarone - Tre Cime di Lavaredo,26/05,(183k),22,GAVAZZI Francesco,EOLO-Kometa,22
Stage 19 | Longarone - Tre Cime di Lavaredo,26/05,(183k),23,DE MARCHI Alessandro,Team Jayco AlUla,22
Stage 19 | Longarone - Tre Cime di Lavaredo,26/05,(183k),24,STOJNIĆ Veljko,Team Corratec - Selle Italia,21
Stage 19 | Longarone - Tre Cime di Lavaredo,26/05,(183k),25,ARMIRAIL Bruno,Groupama - FDJ,21
Stage 19 | Longarone - Tre Cime di Lavaredo,26/05,(183k),26,MCNULTY Brandon,UAE Team Emirates,21
Stage 19 | Longarone - Tre Cime di Lavaredo,26/05,(183k),27,BERWICK Sebastian,Israel - Premier Tech,21
Stage 19 | Longarone - Tre Cime di Lavaredo,26/05,(183k),28,PRONSKIY Vadim,Astana Qazaqstan Team,19
Stage 19 | Longarone - Tre Cime di Lavaredo,26/05,(183k),29,PARET-PEINTRE Valentin,AG2R Citroën Team,19
Stage 19 | Longarone - Tre Cime di Lavaredo,26/05,(183k),30,KONRAD Patrick,BORA - hansgrohe,18
Stage 19 | Longarone - Tre Cime di Lavaredo,26/05,(183k),31,MARCELLUSI Martin,Green Project-Bardiani CSF-Faizanè,16
Stage 19 | Longarone - Tre Cime di Lavaredo,26/05,(183k),32,DENZ Nico,BORA - hansgrohe,15
Stage 19 | Longarone - Tre Cime di Lavaredo,26/05,(183k),33,CHAMPION Thomas,Cofidis,12
Stage 19 | Longarone - Tre Cime di Lavaredo,26/05,(183k),34,DUNBAR Eddie,Team Jayco AlUla,11
Stage 19 | Longarone - Tre Cime di Lavaredo,26/05,(183k),35,LEKNESSUND Andreas,Team DSM,10
Stage 19 | Longarone - Tre Cime di Lavaredo,26/05,(183k),36,KUSS Sepp,Jumbo-Visma,10
Stage 19 | Longarone - Tre Cime di Lavaredo,26/05,(183k),37,MAYRHOFER Marius,Team DSM,10
Stage 19 | Longarone - Tre Cime di Lavaredo,26/05,(183k),38,ROJAS José Joaquín,Movistar Team,10
Stage 19 | Longarone - Tre Cime di Lavaredo,26/05,(183k),39,DALLA VALLE Nicolas,Team Corratec - Selle Italia,9
Stage 19 | Longarone - Tre Cime di Lavaredo,26/05,(183k),40,SCARONI Christian,Astana Qazaqstan Team,8
Stage 19 | Longarone - Tre Cime di Lavaredo,26/05,(183k),41,ALBANESE Vincenzo,EOLO-Kometa,8
Stage 19 | Longarone - Tre Cime di Lavaredo,26/05,(183k),42,BAUDIN Alex,AG2R Citroën Team,8
Stage 19 | Longarone - Tre Cime di Lavaredo,26/05,(183k),43,CARUSO Damiano,Bahrain - Victorious,6
Stage 19 | Longarone - Tre Cime di Lavaredo,26/05,(183k),44,MAESTRI Mirco,EOLO-Kometa,6
Stage 19 | Longarone - Tre Cime di Lavaredo,26/05,(183k),45,SEVILLA Diego Pablo,EOLO-Kometa,6
Stage 19 | Longarone - Tre Cime di Lavaredo,26/05,(183k),46,MAGLI Filippo,Green Project-Bardiani CSF-Faizanè,6
Stage 19 | Longarone - Tre Cime di Lavaredo,26/05,(183k),47,PRODHOMME Nicolas,AG2R Citroën Team,5
Stage 19 | Longarone - Tre Cime di Lavaredo,26/05,(183k),48,QUARTERMAN Charlie,Team Corratec - Selle Italia,5
Stage 19 | Longarone - Tre Cime di Lavaredo,26/05,(183k),49,VAN WILDER Ilan,Soudal - Quick Step,4
Stage 19 | Longarone - Tre Cime di Lavaredo,26/05,(183k),50,TONELLI Alessandro,Green Project-Bardiani CSF-Faizanè,4
Stage 19 | Longarone - Tre Cime di Lavaredo,26/05,(183k),51,WARBASSE Larry,AG2R Citroën Team,4
Stage 19 | Longarone - Tre Cime di Lavaredo,26/05,(183k),52,MOLLEMA Bauke,Trek - Segafredo,4
Stage 19 | Longarone - Tre Cime di Lavaredo,26/05,(183k),53,RICCITELLO Matthew,Israel - Premier Tech,4
Stage 19 | Longarone - Tre Cime di Lavaredo,26/05,(183k),54,MULUBRHAN Henok,Green Project-Bardiani CSF-Faizanè,4
Stage 19 | Longarone - Tre Cime di Lavaredo,26/05,(183k),55,DELETTRE Alexandre,Cofidis,4
Stage 19 | Longarone - Tre Cime di Lavaredo,26/05,(183k),56,BENEDETTI Cesare,BORA - hansgrohe,4
Stage 19 | Longarone - Tre Cime di Lavaredo,26/05,(183k),57,ARENSMAN Thymen,INEOS Grenadiers,3
Stage 19 | Longarone - Tre Cime di Lavaredo,26/05,(183k),58,DE PLUS Laurens,INEOS Grenadiers,3
Stage 19 | Longarone - Tre Cime di Lavaredo,26/05,(183k),59,FORMOLO Davide,UAE Team Emirates,3
Stage 19 | Longarone - Tre Cime di Lavaredo,26/05,(183k),60,REX Laurenz,Intermarché - Circus - Wanty,2
Stage 19 | Longarone - Tre Cime di Lavaredo,26/05,(183k),61,HAIG Jack,Bahrain - Victorious,1
Stage 19 | Longarone - Tre Cime di Lavaredo,26/05,(183k),62,VELASCO Simone,Astana Qazaqstan Team,1
Stage 19 | Longarone - Tre Cime di Lavaredo,26/05,(183k),63,HUYS Laurens,Intermarché - Circus - Wanty,1
Stage 19 | Longarone - Tre Cime di Lavaredo,26/05,(183k),64,PUCCIO Salvatore,INEOS Grenadiers,1
Stage 19 | Longarone - Tre Cime di Lavaredo,26/05,(183k),-,GAVIRIA Fernando,Movistar Team,-2
Stage 19 | Longarone - Tre Cime di Lavaredo,26/05,(183k),-,FORTUNATO Lorenzo,EOLO-Kometa,-10
Stage 20 (ITT) | Tarvisio - Monte Lussari,27/05,(18.6k),1,PINOT Thibaut,Groupama - FDJ,237
Stage 20 (ITT) | Tarvisio - Monte Lussari,27/05,(18.6k),2,GEE Derek,Israel - Premier Tech,200
Stage 20 (ITT) | Tarvisio - Monte Lussari,27/05,(18.6k),3,HEALY Ben,EF Education-EasyPost,164
Stage 20 (ITT) | Tarvisio - Monte Lussari,27/05,(18.6k),4,BAIS Davide,EOLO-Kometa,144
Stage 20 (ITT) | Tarvisio - Monte Lussari,27/05,(18.6k),5,RUBIO Einer Augusto,Movistar Team,118
Stage 20 (ITT) | Tarvisio - Monte Lussari,27/05,(18.6k),6,ROGLIČ Primož,Jumbo-Visma,86
Stage 20 (ITT) | Tarvisio - Monte Lussari,27/05,(18.6k),7,BUITRAGO Santiago,Bahrain - Victorious,82
Stage 20 (ITT) | Tarvisio - Monte Lussari,27/05,(18.6k),8,GABBURO Davide,Green Project-Bardiani CSF-Faizanè,69
Stage 20 (ITT) | Tarvisio - Monte Lussari,27/05,(18.6k),9,ALMEIDA João,UAE Team Emirates,67
Stage 20 (ITT) | Tarvisio - Monte Lussari,27/05,(18.6k),10,PARET-PEINTRE Aurélien,AG2R Citroën Team,56
Stage 20 (ITT) | Tarvisio - Monte Lussari,27/05,(18.6k),11,ZANA Filippo,Team Jayco AlUla,54
Stage 20 (ITT) | Tarvisio - Monte Lussari,27/05,(18.6k),12,THOMAS Geraint,INEOS Grenadiers,52
Stage 20 (ITT) | Tarvisio - Monte Lussari,27/05,(18.6k),13,SKUJIŅŠ Toms,Trek - Segafredo,48
Stage 20 (ITT) | Tarvisio - Monte Lussari,27/05,(18.6k),14,FRIGO Marco,Israel - Premier Tech,44
Stage 20 (ITT) | Tarvisio - Monte Lussari,27/05,(18.6k),15,CORT Magnus,EF Education-EasyPost,43
Stage 20 (ITT) | Tarvisio - Monte Lussari,27/05,(18.6k),16,BARGUIL Warren,Team Arkéa Samsic,42
Stage 20 (ITT) | Tarvisio - Monte Lussari,27/05,(18.6k),17,VACEK Karel,Team Corratec - Selle Italia,36
Stage 20 (ITT) | Tarvisio - Monte Lussari,27/05,(18.6k),18,KUSS Sepp,Jumbo-Visma,34
Stage 20 (ITT) | Tarvisio - Monte Lussari,27/05,(18.6k),19,VERONA Carlos,Movistar Team,32
Stage 20 (ITT) | Tarvisio - Monte Lussari,27/05,(18.6k),20,HEPBURN Michael,Team Jayco AlUla,30
Stage 20 (ITT) | Tarvisio - Monte Lussari,27/05,(18.6k),21,CEPEDA Jefferson Alexander,EF Education-EasyPost,25
Stage 20 (ITT) | Tarvisio - Monte Lussari,27/05,(18.6k),22,MCNULTY Brandon,UAE Team Emirates,23
Stage 20 (ITT) | Tarvisio - Monte Lussari,27/05,(18.6k),23,BAIS Mattia,EOLO-Kometa,23
Stage 20 (ITT) | Tarvisio - Monte Lussari,27/05,(18.6k),24,GAVAZZI Francesco,EOLO-Kometa,22
Stage 20 (ITT) | Tarvisio - Monte Lussari,27/05,(18.6k),25,DE MARCHI Alessandro,Team Jayco AlUla,22
Stage 20 (ITT) | Tarvisio - Monte Lussari,27/05,(18.6k),26,STOJNIĆ Veljko,Team Corratec - Selle Italia,21
Stage 20 (ITT) | Tarvisio - Monte Lussari,27/05,(18.6k),27,ARMIRAIL Bruno,Groupama - FDJ,21
Stage 20 (ITT) | Tarvisio - Monte Lussari,27/05,(18.6k),28,BERWICK Sebastian,Israel - Premier Tech,21
Stage 20 (ITT) | Tarvisio - Monte Lussari,27/05,(18.6k),29,PRONSKIY Vadim,Astana Qazaqstan Team,19
Stage 20 (ITT) | Tarvisio - Monte Lussari,27/05,(18.6k),30,PARET-PEINTRE Valentin,AG2R Citroën Team,19
Stage 20 (ITT) | Tarvisio - Monte Lussari,27/05,(18.6k),31,KONRAD Patrick,BORA - hansgrohe,18
Stage 20 (ITT) | Tarvisio - Monte Lussari,27/05,(18.6k),32,MARCELLUSI Martin,Green Project-Bardiani CSF-Faizanè,16
Stage 20 (ITT) | Tarvisio - Monte Lussari,27/05,(18.6k),33,DENZ Nico,BORA - hansgrohe,15
Stage 20 (ITT) | Tarvisio - Monte Lussari,27/05,(18.6k),34,CHAMPION Thomas,Cofidis,12
Stage 20 (ITT) | Tarvisio - Monte Lussari,27/05,(18.6k),35,DUNBAR Eddie,Team Jayco AlUla,11
Stage 20 (ITT) | Tarvisio - Monte Lussari,27/05,(18.6k),36,CARUSO Damiano,Bahrain - Victorious,10
Stage 20 (ITT) | Tarvisio - Monte Lussari,27/05,(18.6k),37,LEKNESSUND Andreas,Team DSM,10
Stage 20 (ITT) | Tarvisio - Monte Lussari,27/05,(18.6k),38,MAYRHOFER Marius,Team DSM,10
Stage 20 (ITT) | Tarvisio - Monte Lussari,27/05,(18.6k),39,ROJAS José Joaquín,Movistar Team,10
Stage 20 (ITT) | Tarvisio - Monte Lussari,27/05,(18.6k),40,DALLA VALLE Nicolas,Team Corratec - Selle Italia,9
Stage 20 (ITT) | Tarvisio - Monte Lussari,27/05,(18.6k),41,SCARONI Christian,Astana Qazaqstan Team,8
Stage 20 (ITT) | Tarvisio - Monte Lussari,27/05,(18.6k),42,ALBANESE Vincenzo,EOLO-Kometa,8
Stage 20 (ITT) | Tarvisio - Monte Lussari,27/05,(18.6k),43,BAUDIN Alex,AG2R Citroën Team,8
Stage 20 (ITT) | Tarvisio - Monte Lussari,27/05,(18.6k),44,MAESTRI Mirco,EOLO-Kometa,6
Stage 20 (ITT) | Tarvisio - Monte Lussari,27/05,(18.6k),45,SEVILLA Diego Pablo,EOLO-Kometa,6
Stage 20 (ITT) | Tarvisio - Monte Lussari,27/05,(18.6k),46,MAGLI Filippo,Green Project-Bardiani CSF-Faizanè,6
Stage 20 (ITT) | Tarvisio - Monte Lussari,27/05,(18.6k),47,PRODHOMME Nicolas,AG2R Citroën Team,5
Stage 20 (ITT) | Tarvisio - Monte Lussari,27/05,(18.6k),48,RICCITELLO Matthew,Israel - Premier Tech,5
Stage 20 (ITT) | Tarvisio - Monte Lussari,27/05,(18.6k),49,QUARTERMAN Charlie,Team Corratec - Selle Italia,5
Stage 20 (ITT) | Tarvisio - Monte Lussari,27/05,(18.6k),50,VAN WILDER Ilan,Soudal - Quick Step,4
Stage 20 (ITT) | Tarvisio - Monte Lussari,27/05,(18.6k),51,TONELLI Alessandro,Green Project-Bardiani CSF-Faizanè,4
Stage 20 (ITT) | Tarvisio - Monte Lussari,27/05,(18.6k),52,WARBASSE Larry,AG2R Citroën Team,4
Stage 20 (ITT) | Tarvisio - Monte Lussari,27/05,(18.6k),53,MOLLEMA Bauke,Trek - Segafredo,4
Stage 20 (ITT) | Tarvisio - Monte Lussari,27/05,(18.6k),54,MULUBRHAN Henok,Green Project-Bardiani CSF-Faizanè,4
Stage 20 (ITT) | Tarvisio - Monte Lussari,27/05,(18.6k),55,DELETTRE Alexandre,Cofidis,4
Stage 20 (ITT) | Tarvisio - Monte Lussari,27/05,(18.6k),56,BENEDETTI Cesare,BORA - hansgrohe,4
Stage 20 (ITT) | Tarvisio - Monte Lussari,27/05,(18.6k),57,ARENSMAN Thymen,INEOS Grenadiers,3
Stage 20 (ITT) | Tarvisio - Monte Lussari,27/05,(18.6k),58,DE PLUS Laurens,INEOS Grenadiers,3
Stage 20 (ITT) | Tarvisio - Monte Lussari,27/05,(18.6k),59,FORMOLO Davide,UAE Team Emirates,3
Stage 20 (ITT) | Tarvisio - Monte Lussari,27/05,(18.6k),60,REX Laurenz,Intermarché - Circus - Wanty,2
Stage 20 (ITT) | Tarvisio - Monte Lussari,27/05,(18.6k),61,HAIG Jack,Bahrain - Victorious,1
Stage 20 (ITT) | Tarvisio - Monte Lussari,27/05,(18.6k),62,VELASCO Simone,Astana Qazaqstan Team,1
Stage 20 (ITT) | Tarvisio - Monte Lussari,27/05,(18.6k),63,HUYS Laurens,Intermarché - Circus - Wanty,1
Stage 20 (ITT) | Tarvisio - Monte Lussari,27/05,(18.6k),64,PUCCIO Salvatore,INEOS Grenadiers,1
Stage 20 (ITT) | Tarvisio - Monte Lussari,27/05,(18.6k),-,GAVIRIA Fernando,Movistar Team,-2
Stage 20 (ITT) | Tarvisio - Monte Lussari,27/05,(18.6k),-,FORTUNATO Lorenzo,EOLO-Kometa,-10
Stage 21 | Roma - Roma,28/05,(126k),1,PINOT Thibaut,Groupama - FDJ,237
Stage 21 | Roma - Roma,28/05,(126k),2,GEE Derek,Israel - Premier Tech,200
Stage 21 | Roma - Roma,28/05,(126k),3,HEALY Ben,EF Education-EasyPost,164
Stage 21 | Roma - Roma,28/05,(126k),4,BAIS Davide,EOLO-Kometa,144
Stage 21 | Roma - Roma,28/05,(126k),5,RUBIO Einer Augusto,Movistar Team,118
Stage 21 | Roma - Roma,28/05,(126k),6,ROGLIČ Primož,Jumbo-Visma,86
Stage 21 | Roma - Roma,28/05,(126k),7,BUITRAGO Santiago,Bahrain - Victorious,82
Stage 21 | Roma - Roma,28/05,(126k),8,GABBURO Davide,Green Project-Bardiani CSF-Faizanè,69
Stage 21 | Roma - Roma,28/05,(126k),9,ALMEIDA João,UAE Team Emirates,67
Stage 21 | Roma - Roma,28/05,(126k),10,PARET-PEINTRE Aurélien,AG2R Citroën Team,56
Stage 21 | Roma - Roma,28/05,(126k),11,ZANA Filippo,Team Jayco AlUla,54
Stage 21 | Roma - Roma,28/05,(126k),12,THOMAS Geraint,INEOS Grenadiers,52
Stage 21 | Roma - Roma,28/05,(126k),13,SKUJIŅŠ Toms,Trek - Segafredo,48
Stage 21 | Roma - Roma,28/05,(126k),14,FRIGO Marco,Israel - Premier Tech,44
Stage 21 | Roma - Roma,28/05,(126k),15,CORT Magnus,EF Education-EasyPost,43
Stage 21 | Roma - Roma,28/05,(126k),16,BARGUIL Warren,Team Arkéa Samsic,42
Stage 21 | Roma - Roma,28/05,(126k),17,VACEK Karel,Team Corratec - Selle Italia,36
Stage 21 | Roma - Roma,28/05,(126k),18,KUSS Sepp,Jumbo-Visma,34
Stage 21 | Roma - Roma,28/05,(126k),19,VERONA Carlos,Movistar Team,32
Stage 21 | Roma - Roma,28/05,(126k),20,HEPBURN Michael,Team Jayco AlUla,30
Stage 21 | Roma - Roma,28/05,(126k),21,CEPEDA Jefferson Alexander,EF Education-EasyPost,25
Stage 21 | Roma - Roma,28/05,(126k),22,MCNULTY Brandon,UAE Team Emirates,23
Stage 21 | Roma - Roma,28/05,(126k),23,BAIS Mattia,EOLO-Kometa,23
Stage 21 | Roma - Roma,28/05,(126k),24,GAVAZZI Francesco,EOLO-Kometa,22
Stage 21 | Roma - Roma,28/05,(126k),25,DE MARCHI Alessandro,Team Jayco AlUla,22
Stage 21 | Roma - Roma,28/05,(126k),26,STOJNIĆ Veljko,Team Corratec - Selle Italia,21
Stage 21 | Roma - Roma,28/05,(126k),27,ARMIRAIL Bruno,Groupama - FDJ,21
Stage 21 | Roma - Roma,28/05,(126k),28,BERWICK Sebastian,Israel - Premier Tech,21
Stage 21 | Roma - Roma,28/05,(126k),29,PRONSKIY Vadim,Astana Qazaqstan Team,19
Stage 21 | Roma - Roma,28/05,(126k),30,PARET-PEINTRE Valentin,AG2R Citroën Team,19
Stage 21 | Roma - Roma,28/05,(126k),31,KONRAD Patrick,BORA - hansgrohe,18
Stage 21 | Roma - Roma,28/05,(126k),32,MARCELLUSI Martin,Green Project-Bardiani CSF-Faizanè,16
Stage 21 | Roma - Roma,28/05,(126k),33,DENZ Nico,BORA - hansgrohe,15
Stage 21 | Roma - Roma,28/05,(126k),34,CHAMPION Thomas,Cofidis,12
Stage 21 | Roma - Roma,28/05,(126k),35,DUNBAR Eddie,Team Jayco AlUla,11
Stage 21 | Roma - Roma,28/05,(126k),36,CARUSO Damiano,Bahrain - Victorious,10
Stage 21 | Roma - Roma,28/05,(126k),37,LEKNESSUND Andreas,Team DSM,10
Stage 21 | Roma - Roma,28/05,(126k),38,MAYRHOFER Marius,Team DSM,10
Stage 21 | Roma - Roma,28/05,(126k),39,ROJAS José Joaquín,Movistar Team,10
Stage 21 | Roma - Roma,28/05,(126k),40,DALLA VALLE Nicolas,Team Corratec - Selle Italia,9
Stage 21 | Roma - Roma,28/05,(126k),41,SCARONI Christian,Astana Qazaqstan Team,8
Stage 21 | Roma - Roma,28/05,(126k),42,ALBANESE Vincenzo,EOLO-Kometa,8
Stage 21 | Roma - Roma,28/05,(126k),43,BAUDIN Alex,AG2R Citroën Team,8
Stage 21 | Roma - Roma,28/05,(126k),44,MAESTRI Mirco,EOLO-Kometa,6
Stage 21 | Roma - Roma,28/05,(126k),45,SEVILLA Diego Pablo,EOLO-Kometa,6
Stage 21 | Roma - Roma,28/05,(126k),46,MAGLI Filippo,Green Project-Bardiani CSF-Faizanè,6
Stage 21 | Roma - Roma,28/05,(126k),47,PRODHOMME Nicolas,AG2R Citroën Team,5
Stage 21 | Roma - Roma,28/05,(126k),48,RICCITELLO Matthew,Israel - Premier Tech,5
Stage 21 | Roma - Roma,28/05,(126k),49,QUARTERMAN Charlie,Team Corratec - Selle Italia,5
Stage 21 | Roma - Roma,28/05,(126k),50,VAN WILDER Ilan,Soudal - Quick Step,4
Stage 21 | Roma - Roma,28/05,(126k),51,TONELLI Alessandro,Green Project-Bardiani CSF-Faizanè,4
Stage 21 | Roma - Roma,28/05,(126k),52,WARBASSE Larry,AG2R Citroën Team,4
Stage 21 | Roma - Roma,28/05,(126k),53,MOLLEMA Bauke,Trek - Segafredo,4
Stage 21 | Roma - Roma,28/05,(126k),54,MULUBRHAN Henok,Green Project-Bardiani CSF-Faizanè,4
Stage 21 | Roma - Roma,28/05,(126k),55,DELETTRE Alexandre,Cofidis,4
Stage 21 | Roma - Roma,28/05,(126k),56,BENEDETTI Cesare,BORA - hansgrohe,4
Stage 21 | Roma - Roma,28/05,(126k),57,ARENSMAN Thymen,INEOS Grenadiers,3
Stage 21 | Roma - Roma,28/05,(126k),58,DE PLUS Laurens,INEOS Grenadiers,3
Stage 21 | Roma - Roma,28/05,(126k),59,FORMOLO Davide,UAE Team Emirates,3
Stage 21 | Roma - Roma,28/05,(126k),60,REX Laurenz,Intermarché - Circus - Wanty,2
Stage 21 | Roma - Roma,28/05,(126k),61,HAIG Jack,Bahrain - Victorious,1
Stage 21 | Roma - Roma,28/05,(126k),62,VELASCO Simone,Astana Qazaqstan Team,1
Stage 21 | Roma - Roma,28/05,(126k),63,HUYS Laurens,Intermarché - Circus - Wanty,1
Stage 21 | Roma - Roma,28/05,(126k),64,PUCCIO Salvatore,INEOS Grenadiers,1
Stage 21 | Roma - Roma,28/05,(126k),-,GAVIRIA Fernando,Movistar Team,-2
Stage 21 | Roma - Roma,28/05,(126k),-,FORTUNATO Lorenzo,EOLO-Kometa,-10
