"stage_name","stage_date","stage_length","stage_TEAM_rank","stage_TEAM_class","stage_TEAM_time","stage_TEAM_team"
"Stage 1 (ITT) | Fossacesia Marina - Ortona","06/05","(19.6k)","1","","1:05:51",""
"Stage 1 (ITT) | Fossacesia Marina - Ortona","06/05","(19.6k)","2","","0:06",""
"Stage 1 (ITT) | Fossacesia Marina - Ortona","06/05","(19.6k)","3","","0:38",""
"Stage 1 (ITT) | Fossacesia Marina - Ortona","06/05","(19.6k)","4","","1:26",""
"Stage 1 (ITT) | Fossacesia Marina - Ortona","06/05","(19.6k)","5","","1:44",""
"Stage 1 (ITT) | Fossacesia Marina - Ortona","06/05","(19.6k)","6","","1:46",""
"Stage 1 (ITT) | Fossacesia Marina - Ortona","06/05","(19.6k)","7","","1:49",""
"Stage 1 (ITT) | Fossacesia Marina - Ortona","06/05","(19.6k)","8","","1:56",""
"Stage 1 (ITT) | Fossacesia Marina - Ortona","06/05","(19.6k)","9","","2:24",""
"Stage 1 (ITT) | Fossacesia Marina - Ortona","06/05","(19.6k)","10","","2:34",""
"Stage 1 (ITT) | Fossacesia Marina - Ortona","06/05","(19.6k)","11","","2:58",""
"Stage 1 (ITT) | Fossacesia Marina - Ortona","06/05","(19.6k)","12","","3:12",""
"Stage 1 (ITT) | Fossacesia Marina - Ortona","06/05","(19.6k)","13","","3:44",""
"Stage 1 (ITT) | Fossacesia Marina - Ortona","06/05","(19.6k)","14","","4:05",""
"Stage 1 (ITT) | Fossacesia Marina - Ortona","06/05","(19.6k)","15","","4:15",""
"Stage 1 (ITT) | Fossacesia Marina - Ortona","06/05","(19.6k)","16","","4:16",""
"Stage 1 (ITT) | Fossacesia Marina - Ortona","06/05","(19.6k)","17","","4:36",""
"Stage 1 (ITT) | Fossacesia Marina - Ortona","06/05","(19.6k)","18","","4:58",""
"Stage 1 (ITT) | Fossacesia Marina - Ortona","06/05","(19.6k)","19","","5:10",""
"Stage 1 (ITT) | Fossacesia Marina - Ortona","06/05","(19.6k)","20","","5:59",""
"Stage 1 (ITT) | Fossacesia Marina - Ortona","06/05","(19.6k)","21","","7:07",""
"Stage 1 (ITT) | Fossacesia Marina - Ortona","06/05","(19.6k)","22","","7:09",""
"Stage 2 | Teramo - San Salvo","07/05","(202k)","1","WT","15:51:30","UAE Team Emirates"
"Stage 2 | Teramo - San Salvo","07/05","(202k)","2","WT","0:13","INEOS Grenadiers"
"Stage 2 | Teramo - San Salvo","07/05","(202k)","3","WT","0:32","Soudal - Quick Step"
"Stage 2 | Teramo - San Salvo","07/05","(202k)","4","WT","1:32","Groupama - FDJ"
"Stage 2 | Teramo - San Salvo","07/05","(202k)","5","WT","1:38","BORA - hansgrohe"
"Stage 2 | Teramo - San Salvo","07/05","(202k)","6","WT","1:40","Team Jayco AlUla"
"Stage 2 | Teramo - San Salvo","07/05","(202k)","7","WT","2:02","Jumbo-Visma"
"Stage 2 | Teramo - San Salvo","07/05","(202k)","8","WT","2:28","Bahrain - Victorious"
"Stage 2 | Teramo - San Salvo","07/05","(202k)","9","WT","2:40","Trek - Segafredo"
"Stage 2 | Teramo - San Salvo","07/05","(202k)","10","WT","2:56","EF Education-EasyPost"
"Stage 2 | Teramo - San Salvo","07/05","(202k)","11","WT","3:25","Team DSM"
"Stage 2 | Teramo - San Salvo","07/05","(202k)","12","WT","3:38","Team Arkéa Samsic"
"Stage 2 | Teramo - San Salvo","07/05","(202k)","13","PRT","4:01","Israel - Premier Tech"
"Stage 2 | Teramo - San Salvo","07/05","(202k)","14","WT","4:09","Movistar Team"
"Stage 2 | Teramo - San Salvo","07/05","(202k)","15","WT","4:11","Intermarché - Circus - Wanty"
"Stage 2 | Teramo - San Salvo","07/05","(202k)","16","PRT","4:48","EOLO-Kometa"
"Stage 2 | Teramo - San Salvo","07/05","(202k)","17","WT","4:52","AG2R Citroën Team"
"Stage 2 | Teramo - San Salvo","07/05","(202k)","18","WT","5:04","Alpecin-Deceuninck"
"Stage 2 | Teramo - San Salvo","07/05","(202k)","19","WT","5:27","Astana Qazaqstan Team"
"Stage 2 | Teramo - San Salvo","07/05","(202k)","20","WT","6:24","Cofidis"
"Stage 2 | Teramo - San Salvo","07/05","(202k)","21","PRT","7:01","Green Project-Bardiani CSF-Faizanè"
"Stage 2 | Teramo - San Salvo","07/05","(202k)","22","PRT","8:15","Team Corratec - Selle Italia"
"Stage 3 | Vasto - Melfi","08/05","(213k)","1","WT","30:56:33","UAE Team Emirates"
"Stage 3 | Vasto - Melfi","08/05","(213k)","2","WT","0:13","INEOS Grenadiers"
"Stage 3 | Vasto - Melfi","08/05","(213k)","3","WT","0:32","Soudal - Quick Step"
"Stage 3 | Vasto - Melfi","08/05","(213k)","4","WT","1:32","Groupama - FDJ"
"Stage 3 | Vasto - Melfi","08/05","(213k)","5","WT","1:38","BORA - hansgrohe"
"Stage 3 | Vasto - Melfi","08/05","(213k)","6","WT","1:58","Team Jayco AlUla"
"Stage 3 | Vasto - Melfi","08/05","(213k)","7","WT","2:02","Jumbo-Visma"
"Stage 3 | Vasto - Melfi","08/05","(213k)","8","WT","2:28","Bahrain - Victorious"
"Stage 3 | Vasto - Melfi","08/05","(213k)","9","WT","2:40","Trek - Segafredo"
"Stage 3 | Vasto - Melfi","08/05","(213k)","10","WT","2:56","EF Education-EasyPost"
"Stage 3 | Vasto - Melfi","08/05","(213k)","11","PRT","4:01","Israel - Premier Tech"
"Stage 3 | Vasto - Melfi","08/05","(213k)","12","WT","5:04","Alpecin-Deceuninck"
"Stage 3 | Vasto - Melfi","08/05","(213k)","13","WT","6:02","Team DSM"
"Stage 3 | Vasto - Melfi","08/05","(213k)","14","WT","6:14","Intermarché - Circus - Wanty"
"Stage 3 | Vasto - Melfi","08/05","(213k)","15","WT","6:44","AG2R Citroën Team"
"Stage 3 | Vasto - Melfi","08/05","(213k)","16","WT","7:15","Astana Qazaqstan Team"
"Stage 3 | Vasto - Melfi","08/05","(213k)","17","PRT","7:25","EOLO-Kometa"
"Stage 3 | Vasto - Melfi","08/05","(213k)","18","WT","7:44","Team Arkéa Samsic"
"Stage 3 | Vasto - Melfi","08/05","(213k)","19","PRT","12:15","Green Project-Bardiani CSF-Faizanè"
"Stage 3 | Vasto - Melfi","08/05","(213k)","20","WT","13:16","Movistar Team"
"Stage 3 | Vasto - Melfi","08/05","(213k)","21","WT","19:01","Cofidis"
"Stage 3 | Vasto - Melfi","08/05","(213k)","22","PRT","47:44","Team Corratec - Selle Italia"
"Stage 4 | Venosa - Lago Laceno","09/05","(175k)","1","WT","43:51:01","INEOS Grenadiers"
"Stage 4 | Venosa - Lago Laceno","09/05","(175k)","2","WT","1:49","Jumbo-Visma"
"Stage 4 | Venosa - Lago Laceno","09/05","(175k)","3","WT","2:15","Bahrain - Victorious"
"Stage 4 | Venosa - Lago Laceno","09/05","(175k)","4","WT","3:22","BORA - hansgrohe"
"Stage 4 | Venosa - Lago Laceno","09/05","(175k)","5","WT","3:23","UAE Team Emirates"
"Stage 4 | Venosa - Lago Laceno","09/05","(175k)","6","WT","4:15","Trek - Segafredo"
"Stage 4 | Venosa - Lago Laceno","09/05","(175k)","7","WT","4:55","EF Education-EasyPost"
"Stage 4 | Venosa - Lago Laceno","09/05","(175k)","8","WT","7:01","Soudal - Quick Step"
"Stage 4 | Venosa - Lago Laceno","09/05","(175k)","9","PRT","11:38","Israel - Premier Tech"
"Stage 4 | Venosa - Lago Laceno","09/05","(175k)","10","WT","12:00","Groupama - FDJ"
"Stage 4 | Venosa - Lago Laceno","09/05","(175k)","11","WT","12:10","Astana Qazaqstan Team"
"Stage 4 | Venosa - Lago Laceno","09/05","(175k)","12","PRT","15:12","EOLO-Kometa"
"Stage 4 | Venosa - Lago Laceno","09/05","(175k)","13","WT","15:59","Movistar Team"
"Stage 4 | Venosa - Lago Laceno","09/05","(175k)","14","WT","16:33","Intermarché - Circus - Wanty"
"Stage 4 | Venosa - Lago Laceno","09/05","(175k)","15","WT","19:35","Team Jayco AlUla"
"Stage 4 | Venosa - Lago Laceno","09/05","(175k)","16","WT","25:44","AG2R Citroën Team"
"Stage 4 | Venosa - Lago Laceno","09/05","(175k)","17","WT","27:02","Team Arkéa Samsic"
"Stage 4 | Venosa - Lago Laceno","09/05","(175k)","18","PRT","28:07","Green Project-Bardiani CSF-Faizanè"
"Stage 4 | Venosa - Lago Laceno","09/05","(175k)","19","WT","28:31","Team DSM"
"Stage 4 | Venosa - Lago Laceno","09/05","(175k)","20","WT","28:33","Alpecin-Deceuninck"
"Stage 4 | Venosa - Lago Laceno","09/05","(175k)","21","WT","1:05:48","Cofidis"
"Stage 4 | Venosa - Lago Laceno","09/05","(175k)","22","PRT","1:55:22","Team Corratec - Selle Italia"
"Stage 5 | Atripalda - Salerno","10/05","(171k)","1","WT","57:21:58","INEOS Grenadiers"
"Stage 5 | Atripalda - Salerno","10/05","(171k)","2","WT","1:49","Jumbo-Visma"
"Stage 5 | Atripalda - Salerno","10/05","(171k)","3","WT","2:15","Bahrain - Victorious"
"Stage 5 | Atripalda - Salerno","10/05","(171k)","4","WT","3:22","BORA - hansgrohe"
"Stage 5 | Atripalda - Salerno","10/05","(171k)","5","WT","3:23","UAE Team Emirates"
"Stage 5 | Atripalda - Salerno","10/05","(171k)","6","WT","4:15","Trek - Segafredo"
"Stage 5 | Atripalda - Salerno","10/05","(171k)","7","WT","4:55","EF Education-EasyPost"
"Stage 5 | Atripalda - Salerno","10/05","(171k)","8","WT","7:01","Soudal - Quick Step"
"Stage 5 | Atripalda - Salerno","10/05","(171k)","9","PRT","11:38","Israel - Premier Tech"
"Stage 5 | Atripalda - Salerno","10/05","(171k)","10","WT","12:00","Groupama - FDJ"
"Stage 5 | Atripalda - Salerno","10/05","(171k)","11","WT","12:10","Astana Qazaqstan Team"
"Stage 5 | Atripalda - Salerno","10/05","(171k)","12","PRT","15:12","EOLO-Kometa"
"Stage 5 | Atripalda - Salerno","10/05","(171k)","13","WT","15:59","Movistar Team"
"Stage 5 | Atripalda - Salerno","10/05","(171k)","14","WT","16:33","Intermarché - Circus - Wanty"
"Stage 5 | Atripalda - Salerno","10/05","(171k)","15","WT","19:35","Team Jayco AlUla"
"Stage 5 | Atripalda - Salerno","10/05","(171k)","16","WT","25:44","AG2R Citroën Team"
"Stage 5 | Atripalda - Salerno","10/05","(171k)","17","WT","27:02","Team Arkéa Samsic"
"Stage 5 | Atripalda - Salerno","10/05","(171k)","18","PRT","28:07","Green Project-Bardiani CSF-Faizanè"
"Stage 5 | Atripalda - Salerno","10/05","(171k)","19","WT","28:31","Team DSM"
"Stage 5 | Atripalda - Salerno","10/05","(171k)","20","WT","28:33","Alpecin-Deceuninck"
"Stage 5 | Atripalda - Salerno","10/05","(171k)","21","WT","1:05:48","Cofidis"
"Stage 5 | Atripalda - Salerno","10/05","(171k)","22","PRT","1:55:22","Team Corratec - Selle Italia"
"Stage 6 | Napoli - Napoli","11/05","(162k)","1","WT","68:36:13","INEOS Grenadiers"
"Stage 6 | Napoli - Napoli","11/05","(162k)","2","WT","1:49","Jumbo-Visma"
"Stage 6 | Napoli - Napoli","11/05","(162k)","3","WT","2:15","Bahrain - Victorious"
"Stage 6 | Napoli - Napoli","11/05","(162k)","4","WT","3:22","BORA - hansgrohe"
"Stage 6 | Napoli - Napoli","11/05","(162k)","5","WT","3:23","UAE Team Emirates"
"Stage 6 | Napoli - Napoli","11/05","(162k)","6","WT","4:15","Trek - Segafredo"
"Stage 6 | Napoli - Napoli","11/05","(162k)","7","WT","4:55","EF Education-EasyPost"
"Stage 6 | Napoli - Napoli","11/05","(162k)","8","WT","7:01","Soudal - Quick Step"
"Stage 6 | Napoli - Napoli","11/05","(162k)","9","PRT","11:38","Israel - Premier Tech"
"Stage 6 | Napoli - Napoli","11/05","(162k)","10","WT","12:00","Groupama - FDJ"
"Stage 6 | Napoli - Napoli","11/05","(162k)","11","PRT","15:12","EOLO-Kometa"
"Stage 6 | Napoli - Napoli","11/05","(162k)","12","WT","15:32","Astana Qazaqstan Team"
"Stage 6 | Napoli - Napoli","11/05","(162k)","13","WT","15:59","Movistar Team"
"Stage 6 | Napoli - Napoli","11/05","(162k)","14","WT","16:33","Intermarché - Circus - Wanty"
"Stage 6 | Napoli - Napoli","11/05","(162k)","15","WT","19:35","Team Jayco AlUla"
"Stage 6 | Napoli - Napoli","11/05","(162k)","16","WT","25:44","AG2R Citroën Team"
"Stage 6 | Napoli - Napoli","11/05","(162k)","17","PRT","28:07","Green Project-Bardiani CSF-Faizanè"
"Stage 6 | Napoli - Napoli","11/05","(162k)","18","WT","28:31","Team DSM"
"Stage 6 | Napoli - Napoli","11/05","(162k)","19","WT","28:33","Alpecin-Deceuninck"
"Stage 6 | Napoli - Napoli","11/05","(162k)","20","WT","37:30","Team Arkéa Samsic"
"Stage 6 | Napoli - Napoli","11/05","(162k)","21","WT","1:05:48","Cofidis"
"Stage 6 | Napoli - Napoli","11/05","(162k)","22","PRT","2:25:22","Team Corratec - Selle Italia"
"Stage 7 | Capua - Gran Sasso d'Italia (Campo Imperatore)","12/05","(218k)","1","WT","87:11:43","INEOS Grenadiers"
"Stage 7 | Capua - Gran Sasso d'Italia (Campo Imperatore)","12/05","(218k)","2","WT","2:15","Bahrain - Victorious"
"Stage 7 | Capua - Gran Sasso d'Italia (Campo Imperatore)","12/05","(218k)","3","WT","2:34","Jumbo-Visma"
"Stage 7 | Capua - Gran Sasso d'Italia (Campo Imperatore)","12/05","(218k)","4","WT","4:02","BORA - hansgrohe"
"Stage 7 | Capua - Gran Sasso d'Italia (Campo Imperatore)","12/05","(218k)","5","WT","5:19","EF Education-EasyPost"
"Stage 7 | Capua - Gran Sasso d'Italia (Campo Imperatore)","12/05","(218k)","6","WT","5:58","UAE Team Emirates"
"Stage 7 | Capua - Gran Sasso d'Italia (Campo Imperatore)","12/05","(218k)","7","WT","7:41","Soudal - Quick Step"
"Stage 7 | Capua - Gran Sasso d'Italia (Campo Imperatore)","12/05","(218k)","8","PRT","14:54","Israel - Premier Tech"
"Stage 7 | Capua - Gran Sasso d'Italia (Campo Imperatore)","12/05","(218k)","9","PRT","14:55","EOLO-Kometa"
"Stage 7 | Capua - Gran Sasso d'Italia (Campo Imperatore)","12/05","(218k)","10","WT","16:38","Groupama - FDJ"
"Stage 7 | Capua - Gran Sasso d'Italia (Campo Imperatore)","12/05","(218k)","11","WT","17:01","Astana Qazaqstan Team"
"Stage 7 | Capua - Gran Sasso d'Italia (Campo Imperatore)","12/05","(218k)","12","WT","18:14","Intermarché - Circus - Wanty"
"Stage 7 | Capua - Gran Sasso d'Italia (Campo Imperatore)","12/05","(218k)","13","WT","19:25","Movistar Team"
"Stage 7 | Capua - Gran Sasso d'Italia (Campo Imperatore)","12/05","(218k)","14","WT","23:45","Team Jayco AlUla"
"Stage 7 | Capua - Gran Sasso d'Italia (Campo Imperatore)","12/05","(218k)","15","WT","27:26","AG2R Citroën Team"
"Stage 7 | Capua - Gran Sasso d'Italia (Campo Imperatore)","12/05","(218k)","16","PRT","34:36","Green Project-Bardiani CSF-Faizanè"
"Stage 7 | Capua - Gran Sasso d'Italia (Campo Imperatore)","12/05","(218k)","17","WT","40:16","Trek - Segafredo"
"Stage 7 | Capua - Gran Sasso d'Italia (Campo Imperatore)","12/05","(218k)","18","WT","43:23","Team Arkéa Samsic"
"Stage 7 | Capua - Gran Sasso d'Italia (Campo Imperatore)","12/05","(218k)","19","WT","51:31","Team DSM"
"Stage 7 | Capua - Gran Sasso d'Italia (Campo Imperatore)","12/05","(218k)","20","WT","1:09:09","Cofidis"
"Stage 7 | Capua - Gran Sasso d'Italia (Campo Imperatore)","12/05","(218k)","21","WT","1:14:44","Alpecin-Deceuninck"
"Stage 7 | Capua - Gran Sasso d'Italia (Campo Imperatore)","12/05","(218k)","22","PRT","3:08:05","Team Corratec - Selle Italia"
"Stage 8 | Terni - Fossombrone","13/05","(207k)","1","WT","101:38:51","INEOS Grenadiers"
"Stage 8 | Terni - Fossombrone","13/05","(207k)","2","WT","1:57","EF Education-EasyPost"
"Stage 8 | Terni - Fossombrone","13/05","(207k)","3","WT","3:03","Bahrain - Victorious"
"Stage 8 | Terni - Fossombrone","13/05","(207k)","4","WT","4:54","Jumbo-Visma"
"Stage 8 | Terni - Fossombrone","13/05","(207k)","5","WT","6:30","BORA - hansgrohe"
"Stage 8 | Terni - Fossombrone","13/05","(207k)","6","WT","7:40","UAE Team Emirates"
"Stage 8 | Terni - Fossombrone","13/05","(207k)","7","WT","11:22","Soudal - Quick Step"
"Stage 8 | Terni - Fossombrone","13/05","(207k)","8","PRT","17:26","Israel - Premier Tech"
"Stage 8 | Terni - Fossombrone","13/05","(207k)","9","WT","19:45","Movistar Team"
"Stage 8 | Terni - Fossombrone","13/05","(207k)","10","WT","23:29","Groupama - FDJ"
"Stage 8 | Terni - Fossombrone","13/05","(207k)","11","WT","26:19","Astana Qazaqstan Team"
"Stage 8 | Terni - Fossombrone","13/05","(207k)","12","PRT","29:48","EOLO-Kometa"
"Stage 8 | Terni - Fossombrone","13/05","(207k)","13","WT","37:02","Team Jayco AlUla"
"Stage 8 | Terni - Fossombrone","13/05","(207k)","14","WT","43:01","AG2R Citroën Team"
"Stage 8 | Terni - Fossombrone","13/05","(207k)","15","WT","52:59","Intermarché - Circus - Wanty"
"Stage 8 | Terni - Fossombrone","13/05","(207k)","16","PRT","57:09","Green Project-Bardiani CSF-Faizanè"
"Stage 8 | Terni - Fossombrone","13/05","(207k)","17","WT","1:15:40","Trek - Segafredo"
"Stage 8 | Terni - Fossombrone","13/05","(207k)","18","WT","1:21:02","Team Arkéa Samsic"
"Stage 8 | Terni - Fossombrone","13/05","(207k)","19","WT","1:23:55","Team DSM"
"Stage 8 | Terni - Fossombrone","13/05","(207k)","20","WT","1:26:38","Cofidis"
"Stage 8 | Terni - Fossombrone","13/05","(207k)","21","WT","1:46:42","Alpecin-Deceuninck"
"Stage 8 | Terni - Fossombrone","13/05","(207k)","22","PRT","3:52:57","Team Corratec - Selle Italia"
"Stage 9 (ITT) | Savignano sul Rubicone - Cesena","14/05","(35k)","1","WT","103:43:30","INEOS Grenadiers"
"Stage 9 (ITT) | Savignano sul Rubicone - Cesena","14/05","(35k)","2","WT","6:19","Bahrain - Victorious"
"Stage 9 (ITT) | Savignano sul Rubicone - Cesena","14/05","(35k)","3","WT","7:08","EF Education-EasyPost"
"Stage 9 (ITT) | Savignano sul Rubicone - Cesena","14/05","(35k)","4","WT","8:09","Jumbo-Visma"
"Stage 9 (ITT) | Savignano sul Rubicone - Cesena","14/05","(35k)","5","WT","9:38","UAE Team Emirates"
"Stage 9 (ITT) | Savignano sul Rubicone - Cesena","14/05","(35k)","6","WT","9:54","BORA - hansgrohe"
"Stage 9 (ITT) | Savignano sul Rubicone - Cesena","14/05","(35k)","7","WT","16:39","Soudal - Quick Step"
"Stage 9 (ITT) | Savignano sul Rubicone - Cesena","14/05","(35k)","8","WT","25:54","Groupama - FDJ"
"Stage 9 (ITT) | Savignano sul Rubicone - Cesena","14/05","(35k)","9","PRT","27:05","Israel - Premier Tech"
"Stage 9 (ITT) | Savignano sul Rubicone - Cesena","14/05","(35k)","10","WT","28:08","Movistar Team"
"Stage 9 (ITT) | Savignano sul Rubicone - Cesena","14/05","(35k)","11","WT","31:54","Astana Qazaqstan Team"
"Stage 9 (ITT) | Savignano sul Rubicone - Cesena","14/05","(35k)","12","PRT","40:01","EOLO-Kometa"
"Stage 9 (ITT) | Savignano sul Rubicone - Cesena","14/05","(35k)","13","WT","41:41","Team Jayco AlUla"
"Stage 9 (ITT) | Savignano sul Rubicone - Cesena","14/05","(35k)","14","WT","52:47","AG2R Citroën Team"
"Stage 9 (ITT) | Savignano sul Rubicone - Cesena","14/05","(35k)","15","WT","1:04:55","Intermarché - Circus - Wanty"
"Stage 9 (ITT) | Savignano sul Rubicone - Cesena","14/05","(35k)","16","PRT","1:12:34","Green Project-Bardiani CSF-Faizanè"
"Stage 9 (ITT) | Savignano sul Rubicone - Cesena","14/05","(35k)","17","WT","1:21:18","Trek - Segafredo"
"Stage 9 (ITT) | Savignano sul Rubicone - Cesena","14/05","(35k)","18","WT","1:31:03","Team Arkéa Samsic"
"Stage 9 (ITT) | Savignano sul Rubicone - Cesena","14/05","(35k)","19","WT","1:31:44","Team DSM"
"Stage 9 (ITT) | Savignano sul Rubicone - Cesena","14/05","(35k)","20","WT","1:37:47","Cofidis"
"Stage 9 (ITT) | Savignano sul Rubicone - Cesena","14/05","(35k)","21","WT","1:59:34","Alpecin-Deceuninck"
"Stage 9 (ITT) | Savignano sul Rubicone - Cesena","14/05","(35k)","22","PRT","4:05:34","Team Corratec - Selle Italia"
"Stage 10 | Scandiano - Viareggio","16/05","(196k)","1","WT","118:19:48","INEOS Grenadiers"
"Stage 10 | Scandiano - Viareggio","16/05","(196k)","2","WT","6:17","EF Education-EasyPost"
"Stage 10 | Scandiano - Viareggio","16/05","(196k)","3","WT","6:19","Bahrain - Victorious"
"Stage 10 | Scandiano - Viareggio","16/05","(196k)","4","WT","8:09","Jumbo-Visma"
"Stage 10 | Scandiano - Viareggio","16/05","(196k)","5","WT","10:45","UAE Team Emirates"
"Stage 10 | Scandiano - Viareggio","16/05","(196k)","6","WT","17:46","Soudal - Quick Step"
"Stage 10 | Scandiano - Viareggio","16/05","(196k)","7","WT","20:22","BORA - hansgrohe"
"Stage 10 | Scandiano - Viareggio","16/05","(196k)","8","WT","27:01","Groupama - FDJ"
"Stage 10 | Scandiano - Viareggio","16/05","(196k)","9","PRT","27:21","Israel - Premier Tech"
"Stage 10 | Scandiano - Viareggio","16/05","(196k)","10","WT","33:01","Astana Qazaqstan Team"
"Stage 10 | Scandiano - Viareggio","16/05","(196k)","11","PRT","50:29","EOLO-Kometa"
"Stage 10 | Scandiano - Viareggio","16/05","(196k)","12","WT","51:20","Team Jayco AlUla"
"Stage 10 | Scandiano - Viareggio","16/05","(196k)","13","WT","55:01","AG2R Citroën Team"
"Stage 10 | Scandiano - Viareggio","16/05","(196k)","14","WT","59:32","Movistar Team"
"Stage 10 | Scandiano - Viareggio","16/05","(196k)","15","PRT","1:13:41","Green Project-Bardiani CSF-Faizanè"
"Stage 10 | Scandiano - Viareggio","16/05","(196k)","16","WT","1:15:23","Intermarché - Circus - Wanty"
"Stage 10 | Scandiano - Viareggio","16/05","(196k)","17","WT","1:31:57","Team DSM"
"Stage 10 | Scandiano - Viareggio","16/05","(196k)","18","WT","1:32:01","Trek - Segafredo"
"Stage 10 | Scandiano - Viareggio","16/05","(196k)","19","WT","1:41:08","Cofidis"
"Stage 10 | Scandiano - Viareggio","16/05","(196k)","20","WT","2:14:10","Team Arkéa Samsic"
"Stage 10 | Scandiano - Viareggio","16/05","(196k)","21","WT","2:20:30","Alpecin-Deceuninck"
"Stage 10 | Scandiano - Viareggio","16/05","(196k)","22","PRT","4:36:58","Team Corratec - Selle Italia"
"Stage 11 | Camaiore - Tortona","17/05","(219k)","1","WT","133:46:54","INEOS Grenadiers"
"Stage 11 | Camaiore - Tortona","17/05","(219k)","2","WT","6:17","EF Education-EasyPost"
"Stage 11 | Camaiore - Tortona","17/05","(219k)","3","WT","6:19","Bahrain - Victorious"
"Stage 11 | Camaiore - Tortona","17/05","(219k)","4","WT","8:09","Jumbo-Visma"
"Stage 11 | Camaiore - Tortona","17/05","(219k)","5","WT","10:45","UAE Team Emirates"
"Stage 11 | Camaiore - Tortona","17/05","(219k)","6","WT","17:46","Soudal - Quick Step"
"Stage 11 | Camaiore - Tortona","17/05","(219k)","7","WT","20:22","BORA - hansgrohe"
"Stage 11 | Camaiore - Tortona","17/05","(219k)","8","WT","27:01","Groupama - FDJ"
"Stage 11 | Camaiore - Tortona","17/05","(219k)","9","PRT","27:21","Israel - Premier Tech"
"Stage 11 | Camaiore - Tortona","17/05","(219k)","10","WT","33:01","Astana Qazaqstan Team"
"Stage 11 | Camaiore - Tortona","17/05","(219k)","11","PRT","50:29","EOLO-Kometa"
"Stage 11 | Camaiore - Tortona","17/05","(219k)","12","WT","51:20","Team Jayco AlUla"
"Stage 11 | Camaiore - Tortona","17/05","(219k)","13","WT","55:01","AG2R Citroën Team"
"Stage 11 | Camaiore - Tortona","17/05","(219k)","14","WT","59:32","Movistar Team"
"Stage 11 | Camaiore - Tortona","17/05","(219k)","15","PRT","1:13:41","Green Project-Bardiani CSF-Faizanè"
"Stage 11 | Camaiore - Tortona","17/05","(219k)","16","WT","1:15:23","Intermarché - Circus - Wanty"
"Stage 11 | Camaiore - Tortona","17/05","(219k)","17","WT","1:31:57","Team DSM"
"Stage 11 | Camaiore - Tortona","17/05","(219k)","18","WT","1:32:01","Trek - Segafredo"
"Stage 11 | Camaiore - Tortona","17/05","(219k)","19","WT","1:41:08","Cofidis"
"Stage 11 | Camaiore - Tortona","17/05","(219k)","20","WT","2:14:10","Team Arkéa Samsic"
"Stage 11 | Camaiore - Tortona","17/05","(219k)","21","WT","2:20:30","Alpecin-Deceuninck"
"Stage 11 | Camaiore - Tortona","17/05","(219k)","22","PRT","4:36:58","Team Corratec - Selle Italia"
"Stage 12 | Bra - Rivoli","18/05","(185k)","1","WT","147:02:35","Jumbo-Visma"
"Stage 12 | Bra - Rivoli","18/05","(185k)","2","WT","3:49","INEOS Grenadiers"
"Stage 12 | Bra - Rivoli","18/05","(185k)","3","WT","4:07","EF Education-EasyPost"
"Stage 12 | Bra - Rivoli","18/05","(185k)","4","WT","5:35","Bahrain - Victorious"
"Stage 12 | Bra - Rivoli","18/05","(185k)","5","WT","8:35","UAE Team Emirates"
"Stage 12 | Bra - Rivoli","18/05","(185k)","6","WT","11:24","BORA - hansgrohe"
"Stage 12 | Bra - Rivoli","18/05","(185k)","7","PRT","16:42","Israel - Premier Tech"
"Stage 12 | Bra - Rivoli","18/05","(185k)","8","WT","30:51","Astana Qazaqstan Team"
"Stage 12 | Bra - Rivoli","18/05","(185k)","9","WT","31:34","Soudal - Quick Step"
"Stage 12 | Bra - Rivoli","18/05","(185k)","10","WT","36:13","Groupama - FDJ"
"Stage 12 | Bra - Rivoli","18/05","(185k)","11","WT","46:52","AG2R Citroën Team"
"Stage 12 | Bra - Rivoli","18/05","(185k)","12","WT","55:09","Team Jayco AlUla"
"Stage 12 | Bra - Rivoli","18/05","(185k)","13","PRT","1:02:42","EOLO-Kometa"
"Stage 12 | Bra - Rivoli","18/05","(185k)","14","PRT","1:05:23","Green Project-Bardiani CSF-Faizanè"
"Stage 12 | Bra - Rivoli","18/05","(185k)","15","WT","1:09:47","Movistar Team"
"Stage 12 | Bra - Rivoli","18/05","(185k)","16","WT","1:20:42","Intermarché - Circus - Wanty"
"Stage 12 | Bra - Rivoli","18/05","(185k)","17","WT","1:20:48","Trek - Segafredo"
"Stage 12 | Bra - Rivoli","18/05","(185k)","18","WT","1:40:24","Cofidis"
"Stage 12 | Bra - Rivoli","18/05","(185k)","19","WT","1:50:44","Team DSM"
"Stage 12 | Bra - Rivoli","18/05","(185k)","20","WT","2:30:51","Team Arkéa Samsic"
"Stage 12 | Bra - Rivoli","18/05","(185k)","21","WT","2:39:40","Alpecin-Deceuninck"
"Stage 12 | Bra - Rivoli","18/05","(185k)","22","PRT","4:57:36","Team Corratec - Selle Italia"
"Stage 13 | Le Châble - Crans-Montana","19/05","(74.6k)","1","","51:20:23",""
"Stage 13 | Le Châble - Crans-Montana","19/05","(74.6k)","2","","0:20",""
"Stage 13 | Le Châble - Crans-Montana","19/05","(74.6k)","3","","2:23",""
"Stage 13 | Le Châble - Crans-Montana","19/05","(74.6k)","4","","4:50",""
"Stage 13 | Le Châble - Crans-Montana","19/05","(74.6k)","5","","6:02",""
"Stage 13 | Le Châble - Crans-Montana","19/05","(74.6k)","6","","9:01",""
"Stage 13 | Le Châble - Crans-Montana","19/05","(74.6k)","7","","11:56",""
"Stage 13 | Le Châble - Crans-Montana","19/05","(74.6k)","8","","22:47",""
"Stage 13 | Le Châble - Crans-Montana","19/05","(74.6k)","9","","23:46",""
"Stage 13 | Le Châble - Crans-Montana","19/05","(74.6k)","10","","27:10",""
"Stage 13 | Le Châble - Crans-Montana","19/05","(74.6k)","11","","31:12",""
"Stage 13 | Le Châble - Crans-Montana","19/05","(74.6k)","12","","38:38",""
"Stage 13 | Le Châble - Crans-Montana","19/05","(74.6k)","13","","51:23",""
"Stage 13 | Le Châble - Crans-Montana","19/05","(74.6k)","14","","52:39",""
"Stage 13 | Le Châble - Crans-Montana","19/05","(74.6k)","15","","1:02:50",""
"Stage 13 | Le Châble - Crans-Montana","19/05","(74.6k)","16","","1:08:50",""
"Stage 13 | Le Châble - Crans-Montana","19/05","(74.6k)","17","","1:16:08",""
"Stage 13 | Le Châble - Crans-Montana","19/05","(74.6k)","18","","1:17:45",""
"Stage 13 | Le Châble - Crans-Montana","19/05","(74.6k)","19","","1:22:04",""
"Stage 13 | Le Châble - Crans-Montana","19/05","(74.6k)","20","","1:29:23",""
"Stage 13 | Le Châble - Crans-Montana","19/05","(74.6k)","21","","1:29:42",""
"Stage 13 | Le Châble - Crans-Montana","19/05","(74.6k)","22","","1:34:26",""
"Stage 13 | Le Châble - Crans-Montana","19/05","(74.6k)","23","","1:36:20",""
"Stage 13 | Le Châble - Crans-Montana","19/05","(74.6k)","24","","1:38:40",""
"Stage 13 | Le Châble - Crans-Montana","19/05","(74.6k)","25","","1:46:40",""
"Stage 13 | Le Châble - Crans-Montana","19/05","(74.6k)","26","","1:54:59",""
"Stage 13 | Le Châble - Crans-Montana","19/05","(74.6k)","27","","1:56:42",""
"Stage 13 | Le Châble - Crans-Montana","19/05","(74.6k)","28","","1:59:28",""
"Stage 13 | Le Châble - Crans-Montana","19/05","(74.6k)","29","","2:01:35",""
"Stage 13 | Le Châble - Crans-Montana","19/05","(74.6k)","30","","2:04:21",""
"Stage 13 | Le Châble - Crans-Montana","19/05","(74.6k)","31","","2:04:35",""
"Stage 13 | Le Châble - Crans-Montana","19/05","(74.6k)","32","","2:05:04",""
"Stage 13 | Le Châble - Crans-Montana","19/05","(74.6k)","33","","2:05:27",""
"Stage 13 | Le Châble - Crans-Montana","19/05","(74.6k)","34","","2:16:53",""
"Stage 13 | Le Châble - Crans-Montana","19/05","(74.6k)","35","","2:17:16",""
"Stage 13 | Le Châble - Crans-Montana","19/05","(74.6k)","36","","2:20:26",""
"Stage 13 | Le Châble - Crans-Montana","19/05","(74.6k)","37","","2:22:39",""
"Stage 13 | Le Châble - Crans-Montana","19/05","(74.6k)","38","","2:26:42",""
"Stage 13 | Le Châble - Crans-Montana","19/05","(74.6k)","39","","2:26:54",""
"Stage 13 | Le Châble - Crans-Montana","19/05","(74.6k)","40","","2:27:52",""
"Stage 13 | Le Châble - Crans-Montana","19/05","(74.6k)","41","","2:29:16",""
"Stage 13 | Le Châble - Crans-Montana","19/05","(74.6k)","42","","2:36:13",""
"Stage 13 | Le Châble - Crans-Montana","19/05","(74.6k)","43","","2:37:11",""
"Stage 13 | Le Châble - Crans-Montana","19/05","(74.6k)","44","","2:40:08",""
"Stage 13 | Le Châble - Crans-Montana","19/05","(74.6k)","45","","2:49:30",""
"Stage 14 | Sierre - Cassano Magnago","20/05","(194k)","1","WT","168:23:58","Bahrain - Victorious"
"Stage 14 | Sierre - Cassano Magnago","20/05","(194k)","2","PRT","7:03","Israel - Premier Tech"
"Stage 14 | Sierre - Cassano Magnago","20/05","(194k)","3","WT","29:00","Jumbo-Visma"
"Stage 14 | Sierre - Cassano Magnago","20/05","(194k)","4","WT","29:16","EF Education-EasyPost"
"Stage 14 | Sierre - Cassano Magnago","20/05","(194k)","5","WT","31:34","BORA - hansgrohe"
"Stage 14 | Sierre - Cassano Magnago","20/05","(194k)","6","WT","33:02","INEOS Grenadiers"
"Stage 14 | Sierre - Cassano Magnago","20/05","(194k)","7","WT","41:08","UAE Team Emirates"
"Stage 14 | Sierre - Cassano Magnago","20/05","(194k)","8","WT","41:53","AG2R Citroën Team"
"Stage 14 | Sierre - Cassano Magnago","20/05","(194k)","9","WT","51:56","Astana Qazaqstan Team"
"Stage 14 | Sierre - Cassano Magnago","20/05","(194k)","10","PRT","58:43","EOLO-Kometa"
"Stage 14 | Sierre - Cassano Magnago","20/05","(194k)","11","WT","58:46","Soudal - Quick Step"
"Stage 14 | Sierre - Cassano Magnago","20/05","(194k)","12","WT","1:05:33","Groupama - FDJ"
"Stage 14 | Sierre - Cassano Magnago","20/05","(194k)","13","WT","1:08:10","Movistar Team"
"Stage 14 | Sierre - Cassano Magnago","20/05","(194k)","14","WT","1:12:53","Team Jayco AlUla"
"Stage 14 | Sierre - Cassano Magnago","20/05","(194k)","15","WT","1:46:29","Trek - Segafredo"
"Stage 14 | Sierre - Cassano Magnago","20/05","(194k)","16","PRT","1:58:58","Green Project-Bardiani CSF-Faizanè"
"Stage 14 | Sierre - Cassano Magnago","20/05","(194k)","17","WT","2:01:57","Intermarché - Circus - Wanty"
"Stage 14 | Sierre - Cassano Magnago","20/05","(194k)","18","WT","2:37:00","Team DSM"
"Stage 14 | Sierre - Cassano Magnago","20/05","(194k)","19","WT","2:38:17","Cofidis"
"Stage 14 | Sierre - Cassano Magnago","20/05","(194k)","20","WT","3:02:16","Team Arkéa Samsic"
"Stage 14 | Sierre - Cassano Magnago","20/05","(194k)","21","WT","3:45:20","Alpecin-Deceuninck"
"Stage 14 | Sierre - Cassano Magnago","20/05","(194k)","22","PRT","6:24:07","Team Corratec - Selle Italia"
"Stage 15 | Seregno - Bergamo","21/05","(195k)","1","WT","184:21:09","Bahrain - Victorious"
"Stage 15 | Seregno - Bergamo","21/05","(195k)","2","WT","27:23","EF Education-EasyPost"
"Stage 15 | Seregno - Bergamo","21/05","(195k)","3","PRT","27:52","Israel - Premier Tech"
"Stage 15 | Seregno - Bergamo","21/05","(195k)","4","WT","34:00","Jumbo-Visma"
"Stage 15 | Seregno - Bergamo","21/05","(195k)","5","WT","37:31","INEOS Grenadiers"
"Stage 15 | Seregno - Bergamo","21/05","(195k)","6","WT","39:17","BORA - hansgrohe"
"Stage 15 | Seregno - Bergamo","21/05","(195k)","7","WT","39:34","UAE Team Emirates"
"Stage 15 | Seregno - Bergamo","21/05","(195k)","8","WT","47:26","AG2R Citroën Team"
"Stage 15 | Seregno - Bergamo","21/05","(195k)","9","WT","53:21","Astana Qazaqstan Team"
"Stage 15 | Seregno - Bergamo","21/05","(195k)","10","PRT","1:08:51","EOLO-Kometa"
"Stage 15 | Seregno - Bergamo","21/05","(195k)","11","WT","1:18:45","Team Jayco AlUla"
"Stage 15 | Seregno - Bergamo","21/05","(195k)","12","WT","1:18:50","Movistar Team"
"Stage 15 | Seregno - Bergamo","21/05","(195k)","13","WT","1:20:34","Soudal - Quick Step"
"Stage 15 | Seregno - Bergamo","21/05","(195k)","14","WT","1:24:30","Groupama - FDJ"
"Stage 15 | Seregno - Bergamo","21/05","(195k)","15","WT","2:02:33","Intermarché - Circus - Wanty"
"Stage 15 | Seregno - Bergamo","21/05","(195k)","16","WT","2:07:39","Trek - Segafredo"
"Stage 15 | Seregno - Bergamo","21/05","(195k)","17","PRT","2:19:28","Green Project-Bardiani CSF-Faizanè"
"Stage 15 | Seregno - Bergamo","21/05","(195k)","18","WT","2:55:36","Cofidis"
"Stage 15 | Seregno - Bergamo","21/05","(195k)","19","WT","3:09:19","Team DSM"
"Stage 15 | Seregno - Bergamo","21/05","(195k)","20","WT","3:43:29","Team Arkéa Samsic"
"Stage 15 | Seregno - Bergamo","21/05","(195k)","21","WT","4:33:01","Alpecin-Deceuninck"
"Stage 15 | Seregno - Bergamo","21/05","(195k)","22","PRT","7:04:16","Team Corratec - Selle Italia"
"Stage 16 | Sabbio Chiese - Monte Bondone","23/05","(203k)","1","WT","202:09:02","Bahrain - Victorious"
"Stage 16 | Sabbio Chiese - Monte Bondone","23/05","(203k)","2","WT","32:31","INEOS Grenadiers"
"Stage 16 | Sabbio Chiese - Monte Bondone","23/05","(203k)","3","WT","40:26","Jumbo-Visma"
"Stage 16 | Sabbio Chiese - Monte Bondone","23/05","(203k)","4","WT","49:03","UAE Team Emirates"
"Stage 16 | Sabbio Chiese - Monte Bondone","23/05","(203k)","5","WT","54:33","BORA - hansgrohe"
"Stage 16 | Sabbio Chiese - Monte Bondone","23/05","(203k)","6","WT","55:30","EF Education-EasyPost"
"Stage 16 | Sabbio Chiese - Monte Bondone","23/05","(203k)","7","WT","1:06:39","AG2R Citroën Team"
"Stage 16 | Sabbio Chiese - Monte Bondone","23/05","(203k)","8","WT","1:11:58","Astana Qazaqstan Team"
"Stage 16 | Sabbio Chiese - Monte Bondone","23/05","(203k)","9","WT","1:28:22","Team Jayco AlUla"
"Stage 16 | Sabbio Chiese - Monte Bondone","23/05","(203k)","10","PRT","1:39:44","Israel - Premier Tech"
"Stage 16 | Sabbio Chiese - Monte Bondone","23/05","(203k)","11","WT","1:44:19","Groupama - FDJ"
"Stage 16 | Sabbio Chiese - Monte Bondone","23/05","(203k)","12","WT","1:45:23","Movistar Team"
"Stage 16 | Sabbio Chiese - Monte Bondone","23/05","(203k)","13","PRT","2:05:33","EOLO-Kometa"
"Stage 16 | Sabbio Chiese - Monte Bondone","23/05","(203k)","14","WT","3:12:36","Trek - Segafredo"
"Stage 16 | Sabbio Chiese - Monte Bondone","23/05","(203k)","15","WT","3:14:02","Intermarché - Circus - Wanty"
"Stage 16 | Sabbio Chiese - Monte Bondone","23/05","(203k)","16","PRT","3:33:02","Green Project-Bardiani CSF-Faizanè"
"Stage 16 | Sabbio Chiese - Monte Bondone","23/05","(203k)","17","WT","3:43:41","Cofidis"
"Stage 16 | Sabbio Chiese - Monte Bondone","23/05","(203k)","18","WT","4:19:32","Team DSM"
"Stage 16 | Sabbio Chiese - Monte Bondone","23/05","(203k)","19","WT","4:57:39","Team Arkéa Samsic"
"Stage 16 | Sabbio Chiese - Monte Bondone","23/05","(203k)","20","WT","6:18:18","Alpecin-Deceuninck"
"Stage 16 | Sabbio Chiese - Monte Bondone","23/05","(203k)","21","PRT","9:00:13","Team Corratec - Selle Italia"
"Stage 17 | Pergine Valsugana - Caorle","24/05","(197k)","1","WT","215:27:26","Bahrain - Victorious"
"Stage 17 | Pergine Valsugana - Caorle","24/05","(197k)","2","WT","32:31","INEOS Grenadiers"
"Stage 17 | Pergine Valsugana - Caorle","24/05","(197k)","3","WT","40:26","Jumbo-Visma"
"Stage 17 | Pergine Valsugana - Caorle","24/05","(197k)","4","WT","49:03","UAE Team Emirates"
"Stage 17 | Pergine Valsugana - Caorle","24/05","(197k)","5","WT","54:33","BORA - hansgrohe"
"Stage 17 | Pergine Valsugana - Caorle","24/05","(197k)","6","WT","55:30","EF Education-EasyPost"
"Stage 17 | Pergine Valsugana - Caorle","24/05","(197k)","7","WT","1:06:39","AG2R Citroën Team"
"Stage 17 | Pergine Valsugana - Caorle","24/05","(197k)","8","WT","1:11:58","Astana Qazaqstan Team"
"Stage 17 | Pergine Valsugana - Caorle","24/05","(197k)","9","WT","1:28:22","Team Jayco AlUla"
"Stage 17 | Pergine Valsugana - Caorle","24/05","(197k)","10","PRT","1:39:44","Israel - Premier Tech"
"Stage 17 | Pergine Valsugana - Caorle","24/05","(197k)","11","WT","1:44:19","Groupama - FDJ"
"Stage 17 | Pergine Valsugana - Caorle","24/05","(197k)","12","WT","1:45:23","Movistar Team"
"Stage 17 | Pergine Valsugana - Caorle","24/05","(197k)","13","PRT","2:05:33","EOLO-Kometa"
"Stage 17 | Pergine Valsugana - Caorle","24/05","(197k)","14","WT","3:12:36","Trek - Segafredo"
"Stage 17 | Pergine Valsugana - Caorle","24/05","(197k)","15","WT","3:14:02","Intermarché - Circus - Wanty"
"Stage 17 | Pergine Valsugana - Caorle","24/05","(197k)","16","PRT","3:33:02","Green Project-Bardiani CSF-Faizanè"
"Stage 17 | Pergine Valsugana - Caorle","24/05","(197k)","17","WT","3:43:41","Cofidis"
"Stage 17 | Pergine Valsugana - Caorle","24/05","(197k)","18","WT","4:19:32","Team DSM"
"Stage 17 | Pergine Valsugana - Caorle","24/05","(197k)","19","WT","4:57:39","Team Arkéa Samsic"
"Stage 17 | Pergine Valsugana - Caorle","24/05","(197k)","20","WT","6:18:18","Alpecin-Deceuninck"
"Stage 17 | Pergine Valsugana - Caorle","24/05","(197k)","21","PRT","9:00:41","Team Corratec - Selle Italia"
"Stage 18 | Oderzo - Val di Zoldo (Palafavera)","25/05","(161k)","1","WT","229:00:00","Bahrain - Victorious"
"Stage 18 | Oderzo - Val di Zoldo (Palafavera)","25/05","(161k)","2","WT","23:25","INEOS Grenadiers"
"Stage 18 | Oderzo - Val di Zoldo (Palafavera)","25/05","(161k)","3","WT","33:44","Jumbo-Visma"
"Stage 18 | Oderzo - Val di Zoldo (Palafavera)","25/05","(161k)","4","WT","46:47","UAE Team Emirates"
"Stage 18 | Oderzo - Val di Zoldo (Palafavera)","25/05","(161k)","5","WT","1:11:53","BORA - hansgrohe"
"Stage 18 | Oderzo - Val di Zoldo (Palafavera)","25/05","(161k)","6","WT","1:15:23","AG2R Citroën Team"
"Stage 18 | Oderzo - Val di Zoldo (Palafavera)","25/05","(161k)","7","WT","1:15:57","Astana Qazaqstan Team"
"Stage 18 | Oderzo - Val di Zoldo (Palafavera)","25/05","(161k)","8","WT","1:22:32","EF Education-EasyPost"
"Stage 18 | Oderzo - Val di Zoldo (Palafavera)","25/05","(161k)","9","WT","1:31:37","Team Jayco AlUla"
"Stage 18 | Oderzo - Val di Zoldo (Palafavera)","25/05","(161k)","10","PRT","1:33:47","Israel - Premier Tech"
"Stage 18 | Oderzo - Val di Zoldo (Palafavera)","25/05","(161k)","11","WT","1:52:35","Groupama - FDJ"
"Stage 18 | Oderzo - Val di Zoldo (Palafavera)","25/05","(161k)","12","WT","2:05:32","Movistar Team"
"Stage 18 | Oderzo - Val di Zoldo (Palafavera)","25/05","(161k)","13","PRT","2:36:53","EOLO-Kometa"
"Stage 18 | Oderzo - Val di Zoldo (Palafavera)","25/05","(161k)","14","WT","3:55:33","Trek - Segafredo"
"Stage 18 | Oderzo - Val di Zoldo (Palafavera)","25/05","(161k)","15","WT","3:57:08","Intermarché - Circus - Wanty"
"Stage 18 | Oderzo - Val di Zoldo (Palafavera)","25/05","(161k)","16","WT","4:19:04","Cofidis"
"Stage 18 | Oderzo - Val di Zoldo (Palafavera)","25/05","(161k)","17","PRT","4:39:49","Green Project-Bardiani CSF-Faizanè"
"Stage 18 | Oderzo - Val di Zoldo (Palafavera)","25/05","(161k)","18","WT","5:09:10","Team DSM"
"Stage 18 | Oderzo - Val di Zoldo (Palafavera)","25/05","(161k)","19","WT","5:26:33","Team Arkéa Samsic"
"Stage 18 | Oderzo - Val di Zoldo (Palafavera)","25/05","(161k)","20","WT","7:12:50","Alpecin-Deceuninck"
"Stage 18 | Oderzo - Val di Zoldo (Palafavera)","25/05","(161k)","21","PRT","10:17:19","Team Corratec - Selle Italia"
"Stage 19 | Longarone - Tre Cime di Lavaredo","26/05","(183k)","1","WT","245:35:12","Bahrain - Victorious"
"Stage 19 | Longarone - Tre Cime di Lavaredo","26/05","(183k)","2","WT","19:59","INEOS Grenadiers"
"Stage 19 | Longarone - Tre Cime di Lavaredo","26/05","(183k)","3","WT","33:47","Jumbo-Visma"
"Stage 19 | Longarone - Tre Cime di Lavaredo","26/05","(183k)","4","WT","55:50","UAE Team Emirates"
"Stage 19 | Longarone - Tre Cime di Lavaredo","26/05","(183k)","5","WT","1:17:46","BORA - hansgrohe"
"Stage 19 | Longarone - Tre Cime di Lavaredo","26/05","(183k)","6","WT","1:18:05","AG2R Citroën Team"
"Stage 19 | Longarone - Tre Cime di Lavaredo","26/05","(183k)","7","WT","1:26:02","Astana Qazaqstan Team"
"Stage 19 | Longarone - Tre Cime di Lavaredo","26/05","(183k)","8","WT","1:30:34","Team Jayco AlUla"
"Stage 19 | Longarone - Tre Cime di Lavaredo","26/05","(183k)","9","PRT","1:48:45","Israel - Premier Tech"
"Stage 19 | Longarone - Tre Cime di Lavaredo","26/05","(183k)","10","WT","2:05:23","EF Education-EasyPost"
"Stage 19 | Longarone - Tre Cime di Lavaredo","26/05","(183k)","11","WT","2:27:49","Groupama - FDJ"
"Stage 19 | Longarone - Tre Cime di Lavaredo","26/05","(183k)","12","WT","2:28:54","Movistar Team"
"Stage 19 | Longarone - Tre Cime di Lavaredo","26/05","(183k)","13","PRT","3:11:26","EOLO-Kometa"
"Stage 19 | Longarone - Tre Cime di Lavaredo","26/05","(183k)","14","WT","4:57:36","Intermarché - Circus - Wanty"
"Stage 19 | Longarone - Tre Cime di Lavaredo","26/05","(183k)","15","WT","5:02:16","Trek - Segafredo"
"Stage 19 | Longarone - Tre Cime di Lavaredo","26/05","(183k)","16","PRT","5:34:48","Green Project-Bardiani CSF-Faizanè"
"Stage 19 | Longarone - Tre Cime di Lavaredo","26/05","(183k)","17","WT","5:39:41","Cofidis"
"Stage 19 | Longarone - Tre Cime di Lavaredo","26/05","(183k)","18","WT","6:14:42","Team Arkéa Samsic"
"Stage 19 | Longarone - Tre Cime di Lavaredo","26/05","(183k)","19","WT","6:15:38","Team DSM"
"Stage 19 | Longarone - Tre Cime di Lavaredo","26/05","(183k)","20","WT","8:06:12","Alpecin-Deceuninck"
"Stage 19 | Longarone - Tre Cime di Lavaredo","26/05","(183k)","21","PRT","11:20:13","Team Corratec - Selle Italia"
"Stage 20 (ITT) | Tarvisio - Monte Lussari","27/05","(18.6k)","1","WT","247:56:00","Bahrain - Victorious"
"Stage 20 (ITT) | Tarvisio - Monte Lussari","27/05","(18.6k)","2","WT","16:22","INEOS Grenadiers"
"Stage 20 (ITT) | Tarvisio - Monte Lussari","27/05","(18.6k)","3","WT","30:40","Jumbo-Visma"
"Stage 20 (ITT) | Tarvisio - Monte Lussari","27/05","(18.6k)","4","WT","51:53","UAE Team Emirates"
"Stage 20 (ITT) | Tarvisio - Monte Lussari","27/05","(18.6k)","5","WT","1:21:30","AG2R Citroën Team"
"Stage 20 (ITT) | Tarvisio - Monte Lussari","27/05","(18.6k)","6","WT","1:25:31","BORA - hansgrohe"
"Stage 20 (ITT) | Tarvisio - Monte Lussari","27/05","(18.6k)","7","WT","1:31:44","Astana Qazaqstan Team"
"Stage 20 (ITT) | Tarvisio - Monte Lussari","27/05","(18.6k)","8","WT","1:32:51","Team Jayco AlUla"
"Stage 20 (ITT) | Tarvisio - Monte Lussari","27/05","(18.6k)","9","PRT","1:51:54","Israel - Premier Tech"
"Stage 20 (ITT) | Tarvisio - Monte Lussari","27/05","(18.6k)","10","WT","2:16:51","EF Education-EasyPost"
"Stage 20 (ITT) | Tarvisio - Monte Lussari","27/05","(18.6k)","11","WT","2:30:15","Groupama - FDJ"
"Stage 20 (ITT) | Tarvisio - Monte Lussari","27/05","(18.6k)","12","WT","2:37:22","Movistar Team"
"Stage 20 (ITT) | Tarvisio - Monte Lussari","27/05","(18.6k)","13","PRT","3:21:02","EOLO-Kometa"
"Stage 20 (ITT) | Tarvisio - Monte Lussari","27/05","(18.6k)","14","WT","5:12:59","Intermarché - Circus - Wanty"
"Stage 20 (ITT) | Tarvisio - Monte Lussari","27/05","(18.6k)","15","WT","5:16:29","Trek - Segafredo"
"Stage 20 (ITT) | Tarvisio - Monte Lussari","27/05","(18.6k)","16","PRT","5:46:11","Green Project-Bardiani CSF-Faizanè"
"Stage 20 (ITT) | Tarvisio - Monte Lussari","27/05","(18.6k)","17","WT","5:52:43","Cofidis"
"Stage 20 (ITT) | Tarvisio - Monte Lussari","27/05","(18.6k)","18","WT","6:23:17","Team Arkéa Samsic"
"Stage 20 (ITT) | Tarvisio - Monte Lussari","27/05","(18.6k)","19","WT","6:29:15","Team DSM"
"Stage 20 (ITT) | Tarvisio - Monte Lussari","27/05","(18.6k)","20","WT","8:24:40","Alpecin-Deceuninck"
"Stage 20 (ITT) | Tarvisio - Monte Lussari","27/05","(18.6k)","21","PRT","11:37:42","Team Corratec - Selle Italia"
"Stage 21 | Roma - Roma","28/05","(126k)","1","WT","256:21:18","Bahrain - Victorious"
"Stage 21 | Roma - Roma","28/05","(126k)","2","WT","16:22","INEOS Grenadiers"
"Stage 21 | Roma - Roma","28/05","(126k)","3","WT","30:40","Jumbo-Visma"
"Stage 21 | Roma - Roma","28/05","(126k)","4","WT","51:53","UAE Team Emirates"
"Stage 21 | Roma - Roma","28/05","(126k)","5","WT","1:21:30","AG2R Citroën Team"
"Stage 21 | Roma - Roma","28/05","(126k)","6","WT","1:25:31","BORA - hansgrohe"
"Stage 21 | Roma - Roma","28/05","(126k)","7","WT","1:31:44","Astana Qazaqstan Team"
"Stage 21 | Roma - Roma","28/05","(126k)","8","WT","1:32:51","Team Jayco AlUla"
"Stage 21 | Roma - Roma","28/05","(126k)","9","PRT","1:51:54","Israel - Premier Tech"
"Stage 21 | Roma - Roma","28/05","(126k)","10","WT","2:18:52","EF Education-EasyPost"
"Stage 21 | Roma - Roma","28/05","(126k)","11","WT","2:30:15","Groupama - FDJ"
"Stage 21 | Roma - Roma","28/05","(126k)","12","WT","2:37:22","Movistar Team"
"Stage 21 | Roma - Roma","28/05","(126k)","13","PRT","3:21:02","EOLO-Kometa"
"Stage 21 | Roma - Roma","28/05","(126k)","14","WT","5:12:59","Intermarché - Circus - Wanty"
"Stage 21 | Roma - Roma","28/05","(126k)","15","WT","5:16:29","Trek - Segafredo"
"Stage 21 | Roma - Roma","28/05","(126k)","16","PRT","5:46:11","Green Project-Bardiani CSF-Faizanè"
"Stage 21 | Roma - Roma","28/05","(126k)","17","WT","5:52:43","Cofidis"
"Stage 21 | Roma - Roma","28/05","(126k)","18","WT","6:23:17","Team Arkéa Samsic"
"Stage 21 | Roma - Roma","28/05","(126k)","19","WT","6:29:15","Team DSM"
"Stage 21 | Roma - Roma","28/05","(126k)","20","WT","8:24:40","Alpecin-Deceuninck"
"Stage 21 | Roma - Roma","28/05","(126k)","21","PRT","11:37:42","Team Corratec - Selle Italia"